OpCode,Family,Species,MaxN,Depth,temperature,Canyon,Location
isrwest291225A,Bodianina,Choerodon robustus,1,90,21,Princess,In
isrwest291225A,Ostraciidae,Tetrosomus gibbosus,1,90,21,Princess,In
isrwest241220C,Scombridae,Gymnosarda unicolor,4,98,23,Shlomo,Out
isrwest241220C,Pinguipedidae,Parapercis somaliensis,1,98,23,Shlomo,Out
isrwest241220C,Ostraciidae,Tetrosomus gibbosus,6,98,23,Shlomo,Out
isrwest241220C,Serranidae,Variola louti,1,98,23,Shlomo,Out
isnorth240226B,Serranidae,Epinephelus fasciatus,1,117,22.4,Eilat,Out
isnorth240226B,Ostraciidae,Tetrosomus gibbosus,2,117,22.4,Eilat,Out
isnorth240226A,Labridae,Choerodon robustus,1,107,22.5,Eilat,In
isnorth240226A,Tetraodontidae,Arothron immaculatus,1,107,22.5,Eilat,In
isnorth240226A,Muraenidae,Gymnothorax nudivomer,1,107,22.5,Eilat,In
isnorth240226A,Ostraciidae,Tetrosomus gibbosus,1,107,22.5,Eilat,In
isnorth240226A,Sparidae,Argyrops spinifer,1,107,22.5,Eilat,In
iswest040526A,Labridae,Choerodon robustus,3,97,22.6,Princess,Out
iswest040526A,Sparidae,Argyrops spinifer,1,97,22.6,Princess,Out
iswest040526A,Naucratinae,Seriolina nigrofasciata,1,97,22.6,Princess,Out
iswest040526A,Balistidae,Odonus niger,1,97,22.6,Princess,Out
iswest030626A,Pomacanthidae,Apolemichthys xanthotis,2,100,22.7,Shlomo,In
iswest030626A,Ostraciidae,Tetrosomus gibbosus,3,100,22.7,Shlomo,In
iswest030626A,Labridae,,1,100,22.7,Shlomo,In
iswest030626A,Holocentridae,Myripristis chryseres,10,100,22.7,Shlomo,In
iswest030626A,Epinephelidae,Epinephelus fasciatus,2,100,22.7,Shlomo,In
iswest030626A,Chaetodontidae,Chaetodon paucifasciatus,2,100,22.7,Shlomo,In
iswest030626A,Muraenidae,Gymnothorax spp.,1,100,22.7,Shlomo,In
iswest040526B,Labridae,Choerodon robustus,2,90,22.7,Princess,In
iswest040526B,Muraenidae,Gymnothorax undulatus,1,90,22.7,Princess,In
iswest040526B,Pomacanthidae,Apolemichthys xanthotis,1,90,22.7,Princess,In
iswest040526B,Holocentridae,Sargocentron spiniferum,1,90,22.7,Princess,In
iswest050226A,Serranidae,Cephalopholis sexmaculata,2,110,22.7,Shlomo,In
iswest050226A,Chaetodontidae,Chaetodon lineolatus,1,110,22.7,Shlomo,In
iswest050226A,Congridae,Rhynchoconger trewavasae,1,110,22.7,Shlomo,In
iswest050226B,Ostraciidae,Tetrosomus gibbosus,1,100,22.7,Shlomo,Out
iswest050226B,Lutjanidae,Aphareus rutilans,1,100,22.7,Shlomo,Out
iswest110226A,Serranidae,Epinephelus fasciatus,1,90,22.7,Shlomo,In
iswest110226A,Muraenidae,Gymnothorax nudivomer,1,90,22.7,Shlomo,In
iswest110226A,Ostraciidae,Tetrosomus gibbosus,1,90,22.7,Shlomo,In
iswest270126A,Ostraciidae,Tetrosomus gibbosus,1,100,23,Princess,In
iswest270126A,Labridae,Choerodon robustus,1,100,23,Princess,In
isrwest240220F,Lethrinidae,Gymnocranius grandoculis,1,103.7,21,Princess,In
isrwest240220F,Ostraciidae,Tetrosomus gibbosus,2,103.7,21,Princess,In
isrwest140520F,Pomacanthidae,Apolemichthys xanthotis,1,105,20,Princess,Out
isrwest140520F,Labridae,Choerodon robustus,2,105,20,Princess,Out
isrwest140520F,Serranidae,Epinephelus areolatus,1,105,20,Princess,Out
isrwest140520F,Serranidae,Epinephelus fasciatus,2,105,20,Princess,Out
isrwest140520F,Ostraciidae,Tetrosomus gibbosus,2,105,20,Princess,Out
isrwest140520F,Monacanthidae,Thamnaconus erythraeensis,2,105,20,Princess,Out
isrnort010920B,Labridae,Bodianus anthioides,2,106,23,Eilat,In
isrnort010920B,Chaetodontidae,Chaetodon paucifasciatus,2,106,23,Eilat,In
isrnort010920B,Serranidae,Epinephelus fasciatus,1,106,23,Eilat,In
isrnort010920B,Muraenidae,Gymnothorax elegans,1,106,23,Eilat,In
isrnort010920B,Lethrinidae,Lethrinus mahsena,1,106,23,Eilat,In
isrnort231220D,Sparidae,Argyrops megalommatus,1,107,23,Eilat,Out
isrnort231220D,Ostraciidae,Tetrosomus gibbosus,1,107,23,Eilat,Out
isrnort231220D,Monacanthidae,Thamnaconus erythraeensis,2,107,23,Eilat,Out
isrnort120721C,Pomacanthidae,Apolemichthys xanthotis,1,110,22,Eilat,Out
isrnort120721C,Serranidae,Cephalopholis sexmaculata,1,110,22,Eilat,Out
isrnort120721C,Chaetodontidae,Chaetodon paucifasciatus,1,110,22,Eilat,Out
isrnort120721C,Labridae,Choerodon robustus,1,110,22,Eilat,Out
isrnort120721C,Pomacanthidae,Genicanthus caudovittatus,4,110,22,Eilat,Out
isrnort120721C,Muraenidae,Gymnothorax johnsoni,1,110,22,Eilat,Out
isrnort120721C,Muraenidae,Gymnothorax nudivomer,1,110,22,Eilat,Out
isrnort120721C,Lutjanidae,Paracaesio sordida,13,110,22,Eilat,Out
isrnort120721C,Mullidae,Parupeneus rubescens,1,110,22,Eilat,Out
isrnort120721C,Serranidae,Pseudanthias gibbosus,10,110,22,Eilat,Out
isrnort120721C,Ostraciidae,Tetrosomus gibbosus,2,110,22,Eilat,Out
isrnort120721C,Monacanthidae,Thamnaconus erythraeensis,2,110,22,Eilat,Out
isrnort120721C,Serranidae,Variola louti,1,110,22,Eilat,Out
iswest220126A,Serranidae,Cephalopholis sexmaculata,3,110,22,Shlomo,In
iswest220126A,Chaetodontidae,Chaetodon paucifasciatus,32,110,22,Shlomo,In
iswest220126A,Mullidae,Parupeneus rubescens,3,110,22,Shlomo,In
iswest220126A,Angelfishes,Apolemichthys xanthotis ,3,110,22,Shlomo,In
iswest220126A,Ostraciidae,Tetrosomus gibbosus,8,110,22,Shlomo,In
iswest220126A,Scombridae,Gymnosarda unicolor,2,110,22,Shlomo,In
iswest220126A,Congridae,Rhynchoconger trewavasae,1,110,22,Shlomo,In
iswest220126A,Labridae,Choerodon robustus,2,110,22,Shlomo,In
iswest220126A,Muraenidae,Gymnothorax nudivomer,1,110,22,Shlomo,In
iswest220126A,Serranidae,Variola louti,1,110,22,Shlomo,In
iswest220126A,Chanidae,chanos chanos,1,110,22,Shlomo,In
iswest220126A,Lethrinidae,Lethrinus borbonicus,1,110,22,Shlomo,In
iswest220126A,Muraenidae,Gymnothorax elegans,1,110,22,Shlomo,In
isrwest241220B,Pomacanthidae,Genicanthus caudovittatus,1,110.5,23,Shlomo,In
isrwest241220B,Ostraciidae,Tetrosomus gibbosus,2,110.5,23,Shlomo,In
isrnort170321H,Sparidae,Argyrops megalommatus,2,112,21,Eilat,In
isrnort170321H,Sparidae,Argyrops spinifer,1,112,21,Eilat,In
isrnort170321H,Nemipteridae,Nemipterus zysron,1,112,21,Eilat,In
isrwest260122B,Serranidae,Epinephelus areolatus,1,114,21,Princess,Out
isrwest260122B,Muraenidae,Gymnothorax elegans,1,114,21,Princess,Out
isrwest260122B,Serranidae,Plectropomus pessuliferus,1,114,21,Princess,Out
isrwest260122B,Ostraciidae,Tetrosomus gibbosus,3,114,21,Princess,Out
isrnort130520F,Lutjanidae,Paracaesio sordida,3,115,20,Eilat,In
isrnort130520F,Carangidae,Seriola dumerili,15,115,20,Eilat,In
isrwest020920B,Sparidae,Argyrops megalommatus,2,117,22,Eilat,Out
isrwest020920B,Pinguipedidae,Parapercis somaliensis,2,117,22,Eilat,Out
isrwest020920B,Ostraciidae,Tetrosomus gibbosus,4,117,22,Eilat,Out
isrwest020920B,Monacanthidae,Thamnaconus erythraeensis,1,117,22,Eilat,Out
isrwest180321B,Muraenidae,Gymnothorax elegans,1,118.2,20,Princess,Out
isrwest180321B,Muraenidae,Gymnothorax nudivomer,1,118.2,20,Princess,Out
isrwest180321B,Pinguipedidae,Parapercis somaliensis,1,118.2,20,Princess,Out
isrnort131021B,Serranidae,Cephalopholis sexmaculata,1,119.9,22,Eilat,In
isrnort131021B,Serranidae,Epinephelus fasciatus,1,119.9,22,Eilat,In
isrnort131021B,Pomacanthidae,Genicanthus caudovittatus,1,119.9,22,Eilat,In
isrnort131021B,Muraenidae,Gymnothorax elegans,1,119.9,22,Eilat,In
isrnort131021B,Pinguipedidae,Parapercis somaliensis,1,119.9,22,Eilat,In
isrnort131021B,Monacanthidae,Thamnaconus erythraeensis,1,119.9,22,Eilat,In
isrwest141021E,Ostraciidae,Tetrosomus gibbosus,3,121.4,21,Shlomo,Out
isrwest141021E,Monacanthidae,Thamnaconus erythraeensis,1,121.4,21,Shlomo,Out
isrwest141021E,Serranidae,Variola louti,1,121.4,21,Shlomo,Out
isrnort170321B,Sparidae,Argyrops megalommatus,6,122.7,20,Eilat,Out
isrnort170321B,Muraenidae,Gymnothorax johnsoni,2,122.7,20,Eilat,Out
isrnort170321B,Pinguipedidae,Parapercis somaliensis,1,122.7,20,Eilat,Out
isrnort170321B,Mullidae,Parupeneus rubescens,1,122.7,20,Eilat,Out
isrnort170321B,Ostraciidae,Tetrosomus gibbosus,3,122.7,20,Eilat,Out
isrnort170321B,Monacanthidae,Thamnaconus erythraeensis,2,122.7,20,Eilat,Out
isrnort170321B,Serranidae,Variola louti,1,122.7,20,Eilat,Out
isrnort270122B,Sparidae,Argyrops megalommatus,3,123,21,Eilat,In
isrnort270122B,Sparidae,Argyrops spinifer,1,123,21,Eilat,In
isrnort270122B,Labridae,Choerodon robustus,1,123,21,Eilat,In
isrnort270122B,Muraenidae,Gymnothorax johnsoni,1,123,21,Eilat,In
isrnort010920A,Sparidae,Argyrops megalommatus,2,123,22,Eilat,In
isrnort010920A,Carangidae,Seriola dumerili,3,123,22,Eilat,In
isrnort010920A,Ostraciidae,Tetrosomus gibbosus,1,123,22,Eilat,In
isrnort010920A,Monacanthidae,Thamnaconus erythraeensis,3,123,22,Eilat,In
isrnort010920A,Serranidae,Variola louti,1,123,22,Eilat,In
isrnort231220B,Sparidae,Argyrops spinifer,2,123,23,Eilat,Out
isrnort231220B,Carangidae,Turrum fulvoguttatum,8,123,23,Eilat,Out
isrnort231220B,Pinguipedidae,Parapercis somaliensis,2,123,23,Eilat,Out
isrnort231220B,Ostraciidae,Tetrosomus gibbosus,1,123,23,Eilat,Out
isrnort131021G,Sparidae,Argyrops megalommatus,5,125,22,Eilat,In
isrnort131021G,Pomacentridae,Chromis pelloura,1,125,22,Eilat,In
isrnort131021G,Serranidae,Epinephelus areolatus,2,125,22,Eilat,In
isrnort131021G,Pinguipedidae,Parapercis somaliensis,2,125,22,Eilat,In
isrnort131021G,Mullidae,Parupeneus heptacanthus,1,125,22,Eilat,In
isrnort131021G,Ostraciidae,Tetrosomus gibbosus,1,125,22,Eilat,In
isrnort131021G,Monacanthidae,Thamnaconus erythraeensis,3,125,22,Eilat,In
isrnort120721B,Pomacanthidae,Apolemichthys xanthotis,2,128,22,Eilat,Out
isrnort120721B,Sparidae,Argyrops megalommatus,1,128,22,Eilat,Out
isrnort120721B,Serranidae,Cephalopholis sexmaculata,1,128,22,Eilat,Out
isrnort120721B,Labridae,Choerodon robustus,1,128,22,Eilat,Out
isrnort120721B,Muraenidae,Gymnothorax elegans,1,128,22,Eilat,Out
isrnort120721B,Pinguipedidae,Parapercis somaliensis,1,128,22,Eilat,Out
isrnort120721B,Monacanthidae,Thamnaconus erythraeensis,1,128,22,Eilat,Out
isrnort120721B,Serranidae,Variola louti,1,128,22,Eilat,Out
isrnort270122A,Sparidae,Argyrops megalommatus,3,135,21,Eilat,In
isrnort270122A,Sparidae,Argyrops spinifer,1,135,21,Eilat,In
isrnort270122A,Pinguipedidae,Parapercis somaliensis,1,135,21,Eilat,In
isrnort270122A,Mullidae,Parupeneus rubescens,1,135,21,Eilat,In
isrnort270122A,Ostraciidae,Tetrosomus gibbosus,1,135,21,Eilat,In
isrnort270122C,Sparidae,Argyrops megalommatus,3,135,21,Eilat,Out
isrnort270122C,Sparidae,Argyrops spinifer,1,135,21,Eilat,Out
isrnort270122C,Lethrinidae,Gymnocranius grandoculis,1,135,21,Eilat,Out
isrnort270122C,Pinguipedidae,Parapercis somaliensis,1,135,21,Eilat,Out
isrnort270122C,Carangidae,Seriola dumerili,1,135,21,Eilat,Out
isrnort270122C,Ostraciidae,Tetrosomus gibbosus,1,135,21,Eilat,Out
isrnort270122C,Monacanthidae,Thamnaconus erythraeensis,1,135,21,Eilat,Out
isrwest020920A,Sparidae,Argyrops megalommatus,3,135,22,Eilat,Out
isrwest020920A,Diodontidae,Cyclichthys spilostylus,1,135,22,Eilat,Out
isrwest020920A,Muraenidae,Gymnothorax johnsoni,1,135,22,Eilat,Out
isrwest020920A,Pinguipedidae,Parapercis somaliensis,1,135,22,Eilat,Out
isrwest020920A,Monacanthidae,Thamnaconus erythraeensis,2,135,22,Eilat,Out
isrwest241220A,Sparidae,Argyrops megalommatus,3,136,23,Shlomo,In
isrwest241220A,Lethrinidae,Lethrinus borbonicus,1,136,23,Shlomo,In
isrnort120721A,Sparidae,Argyrops megalommatus,11,137,21,Eilat,Out
isrnort120721A,Lethrinidae,Gymnocranius grandoculis,1,137,21,Eilat,Out
isrnort120721A,Muraenidae,Gymnothorax elegans,1,137,21,Eilat,Out
isrnort120721A,Rhinobatidae,Rhinobatos punctifer,1,137,21,Eilat,Out
isrnort120721A,Ostraciidae,Tetrosomus gibbosus,2,137,21,Eilat,Out
isrnort120721A,Monacanthidae,Thamnaconus erythraeensis,2,137,21,Eilat,Out
isrwest180321A,Nemipteridae,Nemipterus zysron,2,137,20,Princess,Out
isrwest180321A,Pinguipedidae,Parapercis somaliensis,2,137,20,Princess,Out
isrwest180321A,Carangidae,Seriola dumerili,4,137,20,Princess,Out
isrwest180321A,Monacanthidae,Thamnaconus erythraeensis,2,137,20,Princess,Out
isrnort170321A,Sparidae,Argyrops megalommatus,1,137.8,20,Eilat,Out
isrnort170321A,Serranidae,Epinephelus areolatus,2,137.8,20,Eilat,Out
isrnort170321A,Muraenidae,Gymnothorax elegans,1,137.8,20,Eilat,Out
isrwest180321G,Sparidae,Argyrops megalommatus,1,140,19,Princess,Out
isrwest180321G,Nemipteridae,Nemipterus zysron,3,140,19,Princess,Out
isrwest180321G,Pinguipedidae,Parapercis somaliensis,1,140,19,Princess,Out
isrwest260122A,Sparidae,Argyrops megalommatus,5,140,21,Shlomo,Out
isrwest260122A,Nemipteridae,Nemipterus zysron,1,140,21,Shlomo,Out
isrwest260122A,Carangidae,Seriola dumerili,1,140,21,Shlomo,Out
isrwest260122A,Ostraciidae,Tetrosomus gibbosus,1,140,21,Shlomo,Out
isrnort131021A,Sparidae,Argyrops megalommatus,7,141,21,Eilat,In
isrnort131021A,Muraenidae,Gymnothorax johnsoni,1,141,21,Eilat,In
isrnort131021A,Mullidae,Parupeneus heptacanthus,1,141,21,Eilat,In
isrnort131021A,Monacanthidae,Thamnaconus erythraeensis,1,141,21,Eilat,In
isrnort231220C,Sparidae,Argyrops megalommatus,2,142,22,Eilat,Out
isrnort231220C,Ostraciidae,Tetrosomus gibbosus,1,142,22,Eilat,Out
isrwest130721A,Sparidae,Argyrops megalommatus,2,144,21,Shlomo,Out
isrwest130721A,Labridae,Choerodon robustus,2,144,21,Shlomo,Out
isrwest130721A,Serranidae,Epinephelus areolatus,3,144,21,Shlomo,Out
isrwest130721A,Ostraciidae,Tetrosomus gibbosus,1,144,21,Shlomo,Out
isrwest130721A,Monacanthidae,Thamnaconus erythraeensis,2,144,21,Shlomo,Out
isrwest141021C,Sparidae,Argyrops megalommatus,2,145.3,21,Shlomo,Out
isrwest141021C,Pinguipedidae,Parapercis somaliensis,1,145.3,21,Shlomo,Out
isrwest141021C,Ostraciidae,Tetrosomus gibbosus,1,145.3,21,Shlomo,Out
isrwest260122C,Sparidae,Argyrops megalommatus,1,149,21,Princess,In
isrwest260122C,Pinguipedidae,Parapercis somaliensis,1,149,21,Princess,In
isrwest260122C,Priacanthidae,Priacanthus sagittarius,1,149,21,Princess,In
iswest250626A,Monacanthidae,Thamnaconus modestus,3,200,21.9,Shlomo,In
iswest250626A,Sparidae,Cheimerius nufar,4,200,21.9,Shlomo,In
iswest250626A,Ostraciidae,Tetrosomus gibbosus,1,200,21.9,Shlomo,In
iswest070726A,Sparidae,Cheimerius nufar,13,190,21.5,Shlomo,In
iswest070726A,Monacanthidae,Thamnaconus erythraeensis,2,190,21.5,Shlomo,In
iswest070726A,Epinephelidae,Epinephelus morrhua,1,190,21.5,Shlomo,In
iswest130826A,Sparidae,Cheimerius nufar,25,190,22.3,Princess,In
iswest130826A,Scombridae,Euthynnus affinis,1,190,22.3,Princess,In
iswest130826A,Monacanthidae,Thamnaconus erythraeensis,1,190,22.3,Princess,In
iswest130826A,Muraenidae,Gymnothorax elegans,1,190,22.3,Princess,In
iswest130826B,Sparidae,Cheimerius nufar,2,230,22.2,Princess,In
iswest130826C,Sparidae,Cheimerius nufar,12,193,22.4,Princess,Out
isrnort111225A,Congridae,Rhynchoconger trewavasae,1,260,21,Eilat,In
isrnort231220A,,,,138,23,Eilat,Out
isrwest130721C,,,,98.5,23,Shlomo,In
isrwest130721B,,,,128,22,Shlomo,Out
iswest150126A,,,,110,23,Shlomo,In
iswest110226B,,,,100,,Shlomo,Out
