time,temp - depth 100,temp - depth 99,temp - depth 97,temp - depth 95,temp - depth 85,Station
25/01/2026 14:20,22.57216267,22.31447036,22.87985498,22.1529319,22.66831652,In
25/01/2026 14:30,22.47216267,22.21447036,22.77985498,22.0529319,22.56831652,In
25/01/2026 14:40,22.47216267,22.31447036,22.77985498,22.0529319,22.66831652,In
25/01/2026 14:50,22.47216267,22.31447036,22.77985498,22.0529319,22.66831652,In
25/01/2026 15:00,22.47216267,22.31447036,22.77985498,22.0529319,22.66831652,In
25/01/2026 15:10,22.37216267,22.31447036,22.77985498,22.0529319,22.66831652,In
25/01/2026 15:20,22.47216267,22.31447036,22.67985498,22.0529319,22.66831652,In
25/01/2026 15:30,22.47216267,22.21447036,22.67985498,22.0529319,22.66831652,In
25/01/2026 15:40,22.47216267,22.31447036,22.77985498,22.0529319,22.66831652,In
25/01/2026 15:50,22.37216267,22.21447036,22.77985498,22.0529319,22.56831652,In
25/01/2026 16:00,22.37216267,22.31447036,22.77985498,22.0529319,22.56831652,In
25/01/2026 16:10,22.47216267,22.21447036,22.67985498,22.0529319,22.56831652,In
25/01/2026 16:20,22.47216267,22.21447036,22.67985498,22.0529319,22.56831652,In
25/01/2026 16:30,22.47216267,22.31447036,22.67985498,22.0529319,22.56831652,In
25/01/2026 16:40,22.37216267,22.21447036,22.77985498,22.0529319,22.66831652,In
25/01/2026 16:50,22.47216267,22.31447036,22.67985498,22.0529319,22.56831652,In
25/01/2026 17:00,22.47216267,22.31447036,22.77985498,22.0529319,22.56831652,In
25/01/2026 17:10,22.47216267,22.21447036,22.67985498,22.0529319,22.66831652,In
25/01/2026 17:20,22.47216267,22.31447036,22.67985498,22.0529319,22.56831652,In
25/01/2026 17:30,22.47216267,22.21447036,22.67985498,22.0529319,22.56831652,In
25/01/2026 17:40,22.47216267,22.21447036,22.77985498,21.9529319,22.66831652,In
25/01/2026 17:50,22.47216267,22.31447036,22.77985498,22.0529319,22.66831652,In
25/01/2026 18:00,22.47216267,22.21447036,22.67985498,21.9529319,22.56831652,In
25/01/2026 18:10,22.47216267,22.21447036,22.77985498,22.0529319,22.66831652,In
25/01/2026 18:20,22.37216267,22.31447036,22.77985498,22.0529319,22.56831652,In
25/01/2026 18:30,22.47216267,22.31447036,22.77985498,22.0529319,22.56831652,In
25/01/2026 18:40,22.37216267,22.21447036,22.67985498,22.0529319,22.66831652,In
25/01/2026 18:50,22.37216267,22.21447036,22.67985498,21.9529319,22.56831652,In
25/01/2026 19:00,22.37216267,22.21447036,22.67985498,22.0529319,22.56831652,In
25/01/2026 19:10,22.37216267,22.21447036,22.67985498,22.0529319,22.56831652,In
25/01/2026 19:20,22.37216267,22.21447036,22.67985498,21.9529319,22.56831652,In
25/01/2026 19:30,22.37216267,22.21447036,22.67985498,21.9529319,22.56831652,In
25/01/2026 19:40,22.37216267,22.21447036,22.67985498,21.9529319,22.66831652,In
25/01/2026 19:50,22.37216267,22.31447036,22.67985498,22.0529319,22.56831652,In
25/01/2026 20:00,22.47216267,22.31447036,22.77985498,22.0529319,22.56831652,In
25/01/2026 20:10,22.47216267,22.21447036,22.67985498,22.0529319,22.56831652,In
25/01/2026 20:20,22.37216267,22.31447036,22.67985498,22.0529319,22.56831652,In
25/01/2026 20:30,22.37216267,22.21447036,22.77985498,22.0529319,22.56831652,In
25/01/2026 20:40,22.37216267,22.21447036,22.67985498,22.0529319,22.66831652,In
25/01/2026 20:50,22.37216267,22.21447036,22.67985498,22.0529319,22.56831652,In
25/01/2026 21:00,22.37216267,22.21447036,22.67985498,22.0529319,22.56831652,In
25/01/2026 21:10,22.37216267,22.21447036,22.77985498,22.0529319,22.56831652,In
25/01/2026 21:20,22.47216267,22.21447036,22.67985498,21.9529319,22.56831652,In
25/01/2026 21:30,22.37216267,22.31447036,22.67985498,22.0529319,22.56831652,In
25/01/2026 21:40,22.37216267,22.21447036,22.67985498,22.0529319,22.56831652,In
25/01/2026 21:50,22.37216267,22.11447036,22.67985498,21.9529319,22.56831652,In
25/01/2026 22:00,22.37216267,22.21447036,22.67985498,22.0529319,22.56831652,In
25/01/2026 22:10,22.37216267,22.21447036,22.67985498,22.0529319,22.56831652,In
25/01/2026 22:20,22.37216267,22.21447036,22.67985498,22.0529319,22.46831652,In
25/01/2026 22:30,22.37216267,22.21447036,22.67985498,21.9529319,22.56831652,In
25/01/2026 22:40,22.37216267,22.21447036,22.67985498,21.9529319,22.56831652,In
25/01/2026 22:50,22.37216267,22.21447036,22.67985498,22.0529319,22.56831652,In
25/01/2026 23:00,22.37216267,22.21447036,22.67985498,21.9529319,22.56831652,In
25/01/2026 23:10,22.37216267,22.21447036,22.67985498,21.9529319,22.46831652,In
25/01/2026 23:20,22.37216267,22.21447036,22.67985498,21.9529319,22.66831652,In
25/01/2026 23:30,22.37216267,22.11447036,22.77985498,21.9529319,22.56831652,In
25/01/2026 23:40,22.47216267,22.21447036,22.67985498,22.0529319,22.56831652,In
25/01/2026 23:50,22.37216267,22.31447036,22.67985498,22.0529319,22.56831652,In
26/01/2026 00:00,22.37216267,22.21447036,22.67985498,22.0529319,22.56831652,In
26/01/2026 00:10,22.37216267,22.21447036,22.67985498,21.9529319,22.56831652,In
26/01/2026 00:20,22.47216267,22.21447036,22.67985498,22.0529319,22.56831652,In
26/01/2026 00:30,22.47216267,22.31447036,22.67985498,22.0529319,22.56831652,In
26/01/2026 00:40,22.37216267,22.21447036,22.67985498,22.0529319,22.66831652,In
26/01/2026 00:50,22.47216267,22.21447036,22.77985498,22.0529319,22.56831652,In
26/01/2026 01:00,22.37216267,22.21447036,22.67985498,22.0529319,22.56831652,In
26/01/2026 01:10,22.37216267,22.21447036,22.67985498,21.9529319,22.56831652,In
26/01/2026 01:20,22.37216267,22.21447036,22.67985498,22.0529319,22.56831652,In
26/01/2026 01:30,22.37216267,22.21447036,22.67985498,22.0529319,22.56831652,In
26/01/2026 01:40,22.37216267,22.21447036,22.67985498,21.9529319,22.56831652,In
26/01/2026 01:50,22.37216267,22.21447036,22.77985498,22.0529319,22.56831652,In
26/01/2026 02:00,22.37216267,22.21447036,22.67985498,22.0529319,22.56831652,In
26/01/2026 02:10,22.47216267,22.21447036,22.67985498,22.0529319,22.66831652,In
26/01/2026 02:20,22.47216267,22.21447036,22.67985498,22.0529319,22.56831652,In
26/01/2026 02:30,22.37216267,22.31447036,22.67985498,22.0529319,22.56831652,In
26/01/2026 02:40,22.37216267,22.31447036,22.67985498,21.9529319,22.56831652,In
26/01/2026 02:50,22.37216267,22.31447036,22.67985498,22.0529319,22.56831652,In
26/01/2026 03:00,22.37216267,22.31447036,22.67985498,21.9529319,22.56831652,In
26/01/2026 03:10,22.47216267,22.31447036,22.67985498,21.9529319,22.56831652,In
26/01/2026 03:20,22.37216267,22.21447036,22.67985498,22.0529319,22.56831652,In
26/01/2026 03:30,22.47216267,22.31447036,22.77985498,22.0529319,22.56831652,In
26/01/2026 03:40,22.37216267,22.21447036,22.77985498,22.0529319,22.56831652,In
26/01/2026 03:50,22.37216267,22.31447036,22.67985498,22.0529319,22.56831652,In
26/01/2026 04:00,22.37216267,22.21447036,22.67985498,22.0529319,22.56831652,In
26/01/2026 04:10,22.37216267,22.21447036,22.77985498,22.0529319,22.56831652,In
26/01/2026 04:20,22.37216267,22.31447036,22.67985498,22.0529319,22.56831652,In
26/01/2026 04:30,22.37216267,22.21447036,22.67985498,22.0529319,22.56831652,In
26/01/2026 04:40,22.47216267,22.21447036,22.67985498,21.9529319,22.56831652,In
26/01/2026 04:50,22.37216267,22.31447036,22.67985498,22.0529319,22.56831652,In
26/01/2026 05:00,22.37216267,22.21447036,22.67985498,21.9529319,22.56831652,In
26/01/2026 05:10,22.37216267,22.31447036,22.67985498,21.9529319,22.56831652,In
26/01/2026 05:20,22.37216267,22.21447036,22.77985498,21.9529319,22.56831652,In
26/01/2026 05:30,22.37216267,22.21447036,22.67985498,21.9529319,22.56831652,In
26/01/2026 05:40,22.47216267,22.21447036,22.77985498,22.0529319,22.56831652,In
26/01/2026 05:50,22.47216267,22.21447036,22.67985498,22.0529319,22.56831652,In
26/01/2026 06:00,22.37216267,22.21447036,22.67985498,22.0529319,22.56831652,In
26/01/2026 06:10,22.37216267,22.31447036,22.67985498,22.0529319,22.56831652,In
26/01/2026 06:20,22.37216267,22.31447036,22.77985498,22.0529319,22.56831652,In
26/01/2026 06:30,22.37216267,22.21447036,22.67985498,21.9529319,22.66831652,In
26/01/2026 06:40,22.47216267,22.21447036,22.67985498,21.9529319,22.56831652,In
26/01/2026 06:50,22.37216267,22.21447036,22.67985498,22.0529319,22.56831652,In
26/01/2026 07:00,22.37216267,22.21447036,22.67985498,22.0529319,22.56831652,In
26/01/2026 07:10,22.37216267,22.21447036,22.67985498,21.9529319,22.56831652,In
26/01/2026 07:20,22.37216267,22.21447036,22.67985498,21.9529319,22.56831652,In
26/01/2026 07:30,22.37216267,22.21447036,22.67985498,22.0529319,22.66831652,In
26/01/2026 07:40,22.37216267,22.21447036,22.77985498,21.9529319,22.56831652,In
26/01/2026 07:50,22.37216267,22.31447036,22.67985498,22.0529319,22.56831652,In
26/01/2026 08:00,22.37216267,22.21447036,22.67985498,21.9529319,22.56831652,In
26/01/2026 08:10,22.37216267,22.21447036,22.67985498,22.0529319,22.66831652,In
26/01/2026 08:20,22.47216267,22.31447036,22.67985498,22.0529319,22.56831652,In
26/01/2026 08:30,22.37216267,22.31447036,22.77985498,22.0529319,22.56831652,In
26/01/2026 08:40,22.37216267,22.21447036,22.77985498,22.0529319,22.56831652,In
26/01/2026 08:50,22.37216267,22.21447036,22.67985498,22.0529319,22.56831652,In
26/01/2026 09:00,22.47216267,22.21447036,22.67985498,22.0529319,22.56831652,In
26/01/2026 09:10,22.37216267,22.21447036,22.67985498,21.9529319,22.56831652,In
26/01/2026 09:20,22.37216267,22.21447036,22.67985498,22.0529319,22.56831652,In
26/01/2026 09:30,22.37216267,22.21447036,22.67985498,21.9529319,22.56831652,In
26/01/2026 09:40,22.37216267,22.21447036,22.67985498,22.0529319,22.56831652,In
26/01/2026 09:50,22.37216267,22.21447036,22.67985498,22.0529319,22.56831652,In
26/01/2026 10:00,22.37216267,22.21447036,22.67985498,22.0529319,22.56831652,In
26/01/2026 10:10,22.37216267,22.21447036,22.67985498,22.0529319,22.56831652,In
26/01/2026 10:20,22.27216267,22.21447036,22.67985498,21.9529319,22.56831652,In
26/01/2026 10:30,22.37216267,22.21447036,22.67985498,21.9529319,22.56831652,In
26/01/2026 10:40,22.37216267,22.21447036,22.77985498,21.9529319,22.56831652,In
26/01/2026 10:50,22.37216267,22.11447036,22.77985498,22.0529319,22.56831652,In
26/01/2026 11:00,22.37216267,22.11447036,22.77985498,21.9529319,22.56831652,In
26/01/2026 11:10,22.37216267,22.31447036,22.77985498,21.9529319,22.56831652,In
26/01/2026 11:20,22.37216267,22.21447036,22.67985498,22.0529319,22.56831652,In
26/01/2026 11:30,22.37216267,22.21447036,22.67985498,22.0529319,22.56831652,In
26/01/2026 11:40,22.37216267,22.21447036,22.67985498,21.9529319,22.56831652,In
26/01/2026 11:50,22.37216267,22.21447036,22.67985498,22.0529319,22.56831652,In
26/01/2026 12:00,22.37216267,22.21447036,22.67985498,22.0529319,22.56831652,In
26/01/2026 12:10,22.37216267,22.21447036,22.67985498,22.0529319,22.56831652,In
26/01/2026 12:20,22.47216267,22.21447036,22.67985498,22.0529319,22.56831652,In
26/01/2026 12:30,22.37216267,22.21447036,22.67985498,21.9529319,22.56831652,In
26/01/2026 12:40,22.37216267,22.21447036,22.67985498,21.9529319,22.56831652,In
26/01/2026 12:50,22.37216267,22.21447036,22.67985498,22.0529319,22.56831652,In
26/01/2026 13:00,22.37216267,22.31447036,22.67985498,22.1529319,22.56831652,In
26/01/2026 13:10,22.37216267,22.21447036,22.67985498,22.0529319,22.56831652,In
26/01/2026 13:20,22.37216267,22.21447036,22.67985498,21.9529319,22.56831652,In
26/01/2026 13:30,22.37216267,22.21447036,22.67985498,22.0529319,22.56831652,In
26/01/2026 13:40,22.47216267,22.21447036,22.67985498,22.0529319,22.56831652,In
26/01/2026 13:50,22.47216267,22.21447036,22.67985498,22.0529319,22.56831652,In
26/01/2026 14:00,22.37216267,22.21447036,22.67985498,22.0529319,22.56831652,In
26/01/2026 14:10,22.37216267,22.21447036,22.67985498,21.9529319,22.56831652,In
26/01/2026 14:20,22.37216267,22.31447036,22.67985498,22.0529319,22.56831652,In
26/01/2026 14:30,22.37216267,22.31447036,22.67985498,21.9529319,22.56831652,In
26/01/2026 14:40,22.37216267,22.21447036,22.67985498,22.0529319,22.56831652,In
26/01/2026 14:50,22.37216267,22.31447036,22.67985498,21.9529319,22.56831652,In
26/01/2026 15:00,22.37216267,22.21447036,22.67985498,21.9529319,22.56831652,In
26/01/2026 15:10,22.37216267,22.21447036,22.77985498,21.9529319,22.56831652,In
26/01/2026 15:20,22.37216267,22.21447036,22.67985498,21.9529319,22.56831652,In
26/01/2026 15:30,22.37216267,22.21447036,22.67985498,22.0529319,22.56831652,In
26/01/2026 15:40,22.47216267,22.31447036,22.67985498,22.0529319,22.56831652,In
26/01/2026 15:50,22.47216267,22.21447036,22.77985498,22.0529319,22.56831652,In
26/01/2026 16:00,22.37216267,22.21447036,22.77985498,21.9529319,22.56831652,In
26/01/2026 16:10,22.37216267,22.21447036,22.67985498,22.0529319,22.56831652,In
26/01/2026 16:20,22.47216267,22.21447036,22.67985498,21.9529319,22.56831652,In
26/01/2026 16:30,22.37216267,22.31447036,22.67985498,22.0529319,22.56831652,In
26/01/2026 16:40,22.37216267,22.21447036,22.67985498,22.0529319,22.56831652,In
26/01/2026 16:50,22.47216267,22.31447036,22.77985498,22.0529319,22.56831652,In
26/01/2026 17:00,22.37216267,22.21447036,22.67985498,22.0529319,22.56831652,In
26/01/2026 17:10,22.47216267,22.31447036,22.67985498,22.0529319,22.56831652,In
26/01/2026 17:20,22.37216267,22.21447036,22.67985498,22.0529319,22.56831652,In
26/01/2026 17:30,22.37216267,22.21447036,22.77985498,21.9529319,22.56831652,In
26/01/2026 17:40,22.47216267,22.21447036,22.67985498,22.0529319,22.56831652,In
26/01/2026 17:50,22.37216267,22.21447036,22.67985498,22.0529319,22.56831652,In
26/01/2026 18:00,22.37216267,22.31447036,22.67985498,22.0529319,22.56831652,In
26/01/2026 18:10,22.37216267,22.31447036,22.67985498,22.0529319,22.56831652,In
26/01/2026 18:20,22.37216267,22.21447036,22.67985498,21.9529319,22.56831652,In
26/01/2026 18:30,22.37216267,22.21447036,22.67985498,21.9529319,22.56831652,In
26/01/2026 18:40,22.37216267,22.21447036,22.77985498,21.9529319,22.56831652,In
26/01/2026 18:50,22.47216267,22.31447036,22.67985498,22.0529319,22.56831652,In
26/01/2026 19:00,22.37216267,22.31447036,22.67985498,22.0529319,22.56831652,In
26/01/2026 19:10,22.37216267,22.21447036,22.77985498,21.9529319,22.56831652,In
26/01/2026 19:20,22.37216267,22.21447036,22.67985498,22.0529319,22.56831652,In
26/01/2026 19:30,22.37216267,22.21447036,22.67985498,21.9529319,22.56831652,In
26/01/2026 19:40,22.37216267,22.21447036,22.67985498,22.0529319,22.56831652,In
26/01/2026 19:50,22.37216267,22.31447036,22.67985498,22.0529319,22.56831652,In
26/01/2026 20:00,22.37216267,22.21447036,22.67985498,21.9529319,22.56831652,In
26/01/2026 20:10,22.47216267,22.21447036,22.67985498,22.0529319,22.56831652,In
26/01/2026 20:20,22.37216267,22.21447036,22.67985498,21.9529319,22.56831652,In
26/01/2026 20:30,22.37216267,22.21447036,22.67985498,22.0529319,22.56831652,In
26/01/2026 20:40,22.37216267,22.21447036,22.67985498,22.0529319,22.56831652,In
26/01/2026 20:50,22.37216267,22.21447036,22.67985498,21.9529319,22.56831652,In
26/01/2026 21:00,22.37216267,22.21447036,22.67985498,21.9529319,22.56831652,In
26/01/2026 21:10,22.37216267,22.21447036,22.67985498,21.9529319,22.56831652,In
26/01/2026 21:20,22.37216267,22.21447036,22.67985498,22.0529319,22.66831652,In
26/01/2026 21:30,22.37216267,22.21447036,22.77985498,22.0529319,22.56831652,In
26/01/2026 21:40,22.47216267,22.21447036,22.67985498,22.0529319,22.56831652,In
26/01/2026 21:50,22.37216267,22.21447036,22.67985498,22.0529319,22.56831652,In
26/01/2026 22:00,22.37216267,22.21447036,22.77985498,21.9529319,22.66831652,In
26/01/2026 22:10,22.37216267,22.21447036,22.67985498,22.0529319,22.56831652,In
26/01/2026 22:20,22.37216267,22.21447036,22.67985498,22.0529319,22.56831652,In
26/01/2026 22:30,22.37216267,22.21447036,22.67985498,22.0529319,22.56831652,In
26/01/2026 22:40,22.37216267,22.21447036,22.67985498,21.9529319,22.56831652,In
26/01/2026 22:50,22.37216267,22.31447036,22.67985498,21.9529319,22.56831652,In
26/01/2026 23:00,22.37216267,22.21447036,22.77985498,22.0529319,22.56831652,In
26/01/2026 23:10,22.37216267,22.21447036,22.67985498,21.9529319,22.56831652,In
26/01/2026 23:20,22.37216267,22.21447036,22.67985498,21.9529319,22.56831652,In
26/01/2026 23:30,22.37216267,22.31447036,22.77985498,22.0529319,22.56831652,In
26/01/2026 23:40,22.47216267,22.31447036,22.67985498,22.0529319,22.56831652,In
26/01/2026 23:50,22.37216267,22.21447036,22.67985498,22.0529319,22.56831652,In
27/01/2026 00:00,22.47216267,22.21447036,22.67985498,22.0529319,22.56831652,In
27/01/2026 00:10,22.37216267,22.21447036,22.77985498,22.0529319,22.56831652,In
27/01/2026 00:20,22.37216267,22.31447036,22.67985498,21.9529319,22.56831652,In
27/01/2026 00:30,22.37216267,22.21447036,22.67985498,22.0529319,22.56831652,In
27/01/2026 00:40,22.37216267,22.21447036,22.77985498,21.9529319,22.56831652,In
27/01/2026 00:50,22.37216267,22.31447036,22.77985498,22.0529319,22.56831652,In
27/01/2026 01:00,22.47216267,22.21447036,22.67985498,22.0529319,22.56831652,In
27/01/2026 01:10,22.37216267,22.21447036,22.67985498,21.9529319,22.56831652,In
27/01/2026 01:20,22.37216267,22.31447036,22.77985498,22.0529319,22.56831652,In
27/01/2026 01:30,22.47216267,22.21447036,22.67985498,22.0529319,22.56831652,In
27/01/2026 01:40,22.37216267,22.21447036,22.77985498,21.9529319,22.56831652,In
27/01/2026 01:50,22.37216267,22.21447036,22.67985498,22.0529319,22.56831652,In
27/01/2026 02:00,22.47216267,22.21447036,22.67985498,22.0529319,22.56831652,In
27/01/2026 02:10,22.47216267,22.31447036,22.67985498,22.0529319,22.56831652,In
27/01/2026 02:20,22.37216267,22.31447036,22.67985498,21.9529319,22.56831652,In
27/01/2026 02:30,22.37216267,22.21447036,22.67985498,22.0529319,22.56831652,In
27/01/2026 02:40,22.47216267,22.31447036,22.67985498,22.0529319,22.56831652,In
27/01/2026 02:50,22.47216267,22.31447036,22.67985498,21.9529319,22.56831652,In
27/01/2026 03:00,22.37216267,22.31447036,22.77985498,21.9529319,22.56831652,In
27/01/2026 03:10,22.37216267,22.31447036,22.67985498,22.0529319,22.56831652,In
27/01/2026 03:20,22.37216267,22.21447036,22.67985498,22.0529319,22.66831652,In
27/01/2026 03:30,22.37216267,22.21447036,22.67985498,21.9529319,22.66831652,In
27/01/2026 03:40,22.37216267,22.21447036,22.67985498,22.0529319,22.56831652,In
27/01/2026 03:50,22.47216267,22.21447036,22.67985498,21.9529319,22.56831652,In
27/01/2026 04:00,22.47216267,22.21447036,22.77985498,22.0529319,22.56831652,In
27/01/2026 04:10,22.47216267,22.21447036,22.67985498,22.0529319,22.66831652,In
27/01/2026 04:20,22.37216267,22.21447036,22.67985498,22.0529319,22.56831652,In
27/01/2026 04:30,22.37216267,22.21447036,22.67985498,22.0529319,22.56831652,In
27/01/2026 04:40,22.37216267,22.21447036,22.77985498,21.9529319,22.56831652,In
27/01/2026 04:50,22.37216267,22.21447036,22.67985498,22.0529319,22.56831652,In
27/01/2026 05:00,22.37216267,22.21447036,22.77985498,22.0529319,22.56831652,In
27/01/2026 05:10,22.37216267,22.21447036,22.67985498,21.9529319,22.56831652,In
27/01/2026 05:20,22.37216267,22.21447036,22.67985498,22.0529319,22.56831652,In
27/01/2026 05:30,22.37216267,22.21447036,22.77985498,21.9529319,22.56831652,In
27/01/2026 05:40,22.47216267,22.21447036,22.77985498,22.0529319,22.56831652,In
27/01/2026 05:50,22.37216267,22.31447036,22.67985498,21.9529319,22.56831652,In
27/01/2026 06:00,22.37216267,22.31447036,22.67985498,22.0529319,22.46831652,In
27/01/2026 06:10,22.37216267,22.21447036,22.67985498,22.0529319,22.56831652,In
27/01/2026 06:20,22.37216267,22.31447036,22.67985498,22.0529319,22.56831652,In
27/01/2026 06:30,22.37216267,22.21447036,22.67985498,22.0529319,22.66831652,In
27/01/2026 06:40,22.37216267,22.21447036,22.67985498,21.9529319,22.56831652,In
27/01/2026 06:50,22.37216267,22.31447036,22.67985498,22.0529319,22.66831652,In
27/01/2026 07:00,22.37216267,22.31447036,22.67985498,22.0529319,22.56831652,In
27/01/2026 07:10,22.47216267,22.31447036,22.67985498,22.0529319,22.56831652,In
27/01/2026 07:20,22.37216267,22.21447036,22.67985498,22.0529319,22.56831652,In
27/01/2026 07:30,22.47216267,22.21447036,22.77985498,21.9529319,22.56831652,In
27/01/2026 07:40,22.37216267,22.21447036,22.67985498,22.0529319,22.56831652,In
27/01/2026 07:50,22.47216267,22.31447036,22.67985498,22.0529319,22.56831652,In
27/01/2026 08:00,22.47216267,22.21447036,22.67985498,21.9529319,22.56831652,In
27/01/2026 08:10,22.37216267,22.21447036,22.67985498,22.0529319,22.56831652,In
27/01/2026 08:20,22.37216267,22.21447036,22.67985498,22.0529319,22.56831652,In
27/01/2026 08:30,22.37216267,22.21447036,22.67985498,21.9529319,22.56831652,In
27/01/2026 08:40,22.47216267,22.31447036,22.67985498,22.0529319,22.56831652,In
27/01/2026 08:50,22.37216267,22.21447036,22.67985498,21.9529319,22.56831652,In
27/01/2026 09:00,22.37216267,22.21447036,22.77985498,21.9529319,22.56831652,In
27/01/2026 09:10,22.37216267,22.21447036,22.67985498,22.0529319,22.56831652,In
27/01/2026 09:20,22.37216267,22.21447036,22.67985498,22.0529319,22.56831652,In
27/01/2026 09:30,22.37216267,22.21447036,22.67985498,22.0529319,22.56831652,In
27/01/2026 09:40,22.37216267,22.21447036,22.67985498,21.9529319,22.56831652,In
27/01/2026 09:50,22.37216267,22.21447036,22.67985498,22.0529319,22.56831652,In
27/01/2026 10:00,22.37216267,22.21447036,22.67985498,22.0529319,22.56831652,In
27/01/2026 10:10,22.37216267,22.31447036,22.57985498,21.9529319,22.56831652,In
27/01/2026 10:20,22.37216267,22.21447036,22.67985498,21.9529319,22.66831652,In
27/01/2026 10:30,22.47216267,22.21447036,22.67985498,21.9529319,22.56831652,In
27/01/2026 10:40,22.37216267,22.21447036,22.67985498,22.0529319,22.56831652,In
27/01/2026 10:50,22.37216267,22.21447036,22.67985498,21.9529319,22.56831652,In
27/01/2026 11:00,22.37216267,22.21447036,22.67985498,21.9529319,22.66831652,In
27/01/2026 11:10,22.37216267,22.21447036,22.67985498,22.0529319,22.56831652,In
27/01/2026 11:20,22.37216267,22.21447036,22.67985498,21.9529319,22.56831652,In
27/01/2026 11:30,22.37216267,22.21447036,22.67985498,21.9529319,22.56831652,In
27/01/2026 11:40,22.37216267,22.21447036,22.67985498,22.0529319,22.56831652,In
27/01/2026 11:50,22.37216267,22.21447036,22.67985498,21.9529319,22.56831652,In
27/01/2026 12:00,22.37216267,22.21447036,22.67985498,22.0529319,22.56831652,In
27/01/2026 12:10,22.37216267,22.21447036,22.67985498,21.9529319,22.56831652,In
27/01/2026 12:20,22.37216267,22.21447036,22.67985498,21.9529319,22.56831652,In
27/01/2026 12:30,22.37216267,22.21447036,22.67985498,22.0529319,22.66831652,In
27/01/2026 12:40,22.37216267,22.21447036,22.67985498,21.9529319,22.56831652,In
27/01/2026 12:50,22.37216267,22.21447036,22.67985498,22.0529319,22.56831652,In
27/01/2026 13:00,22.37216267,22.21447036,22.67985498,21.9529319,22.56831652,In
27/01/2026 13:10,22.37216267,22.21447036,22.67985498,21.9529319,22.56831652,In
27/01/2026 13:20,22.47216267,22.21447036,22.67985498,22.0529319,22.56831652,In
27/01/2026 13:30,22.37216267,22.21447036,22.67985498,21.9529319,22.56831652,In
27/01/2026 13:40,22.37216267,22.21447036,22.67985498,22.0529319,22.56831652,In
27/01/2026 13:50,22.37216267,22.31447036,22.67985498,21.9529319,22.56831652,In
27/01/2026 14:00,22.47216267,22.21447036,22.67985498,22.0529319,22.56831652,In
27/01/2026 14:10,22.37216267,22.21447036,22.77985498,22.0529319,22.56831652,In
27/01/2026 14:20,22.37216267,22.21447036,22.67985498,22.0529319,22.66831652,In
27/01/2026 14:30,22.37216267,22.21447036,22.67985498,22.0529319,22.56831652,In
27/01/2026 14:40,22.37216267,22.21447036,22.67985498,22.0529319,22.46831652,In
27/01/2026 14:50,22.37216267,22.31447036,22.67985498,22.0529319,22.56831652,In
27/01/2026 15:00,22.37216267,22.21447036,22.67985498,22.0529319,22.56831652,In
27/01/2026 15:10,22.47216267,22.21447036,22.67985498,21.9529319,22.56831652,In
27/01/2026 15:20,22.37216267,22.31447036,22.67985498,22.0529319,22.56831652,In
27/01/2026 15:30,22.37216267,22.21447036,22.77985498,22.0529319,22.56831652,In
27/01/2026 15:40,22.37216267,22.21447036,22.67985498,22.0529319,22.56831652,In
27/01/2026 15:50,22.37216267,22.21447036,22.67985498,22.0529319,22.56831652,In
27/01/2026 16:00,22.37216267,22.21447036,22.67985498,21.9529319,22.56831652,In
27/01/2026 16:10,22.37216267,22.21447036,22.67985498,22.0529319,22.56831652,In
27/01/2026 16:20,22.37216267,22.21447036,22.67985498,22.0529319,22.56831652,In
27/01/2026 16:30,22.37216267,22.21447036,22.57985498,22.0529319,22.56831652,In
27/01/2026 16:40,22.37216267,22.21447036,22.77985498,21.9529319,22.56831652,In
27/01/2026 16:50,22.37216267,22.21447036,22.57985498,22.0529319,22.56831652,In
27/01/2026 17:00,22.37216267,22.21447036,22.67985498,22.0529319,22.46831652,In
27/01/2026 17:10,22.47216267,22.21447036,22.67985498,21.9529319,22.56831652,In
27/01/2026 17:20,22.37216267,22.31447036,22.77985498,21.9529319,22.56831652,In
27/01/2026 17:30,22.47216267,22.31447036,22.67985498,21.9529319,22.56831652,In
27/01/2026 17:40,22.37216267,22.21447036,22.67985498,22.0529319,22.56831652,In
27/01/2026 17:50,22.47216267,22.21447036,22.67985498,22.0529319,22.56831652,In
27/01/2026 18:00,22.47216267,22.21447036,22.67985498,21.9529319,22.56831652,In
27/01/2026 18:10,22.37216267,22.21447036,22.67985498,22.0529319,22.56831652,In
27/01/2026 18:20,22.37216267,22.21447036,22.77985498,22.0529319,22.66831652,In
27/01/2026 18:30,22.47216267,22.31447036,22.77985498,22.0529319,22.56831652,In
27/01/2026 18:40,22.37216267,22.31447036,22.77985498,22.0529319,22.56831652,In
27/01/2026 18:50,22.47216267,22.31447036,22.67985498,21.9529319,22.56831652,In
27/01/2026 19:00,22.47216267,22.31447036,22.67985498,22.0529319,22.56831652,In
27/01/2026 19:10,22.47216267,22.31447036,22.67985498,21.9529319,22.56831652,In
27/01/2026 19:20,22.37216267,22.31447036,22.67985498,22.0529319,22.66831652,In
27/01/2026 19:30,22.37216267,22.31447036,22.67985498,22.0529319,22.56831652,In
27/01/2026 19:40,22.47216267,22.21447036,22.67985498,22.0529319,22.56831652,In
27/01/2026 19:50,22.37216267,22.31447036,22.77985498,22.0529319,22.56831652,In
27/01/2026 20:00,22.47216267,22.21447036,22.67985498,22.0529319,22.56831652,In
27/01/2026 20:10,22.47216267,22.31447036,22.77985498,22.0529319,22.56831652,In
27/01/2026 20:20,22.47216267,22.31447036,22.77985498,22.0529319,22.66831652,In
27/01/2026 20:30,22.47216267,22.31447036,22.77985498,22.0529319,22.66831652,In
27/01/2026 20:40,22.47216267,22.21447036,22.67985498,22.0529319,22.56831652,In
27/01/2026 20:50,22.37216267,22.31447036,22.77985498,22.0529319,22.56831652,In
27/01/2026 21:00,22.37216267,22.21447036,22.67985498,21.9529319,22.66831652,In
27/01/2026 21:10,22.47216267,22.31447036,22.67985498,22.0529319,22.56831652,In
27/01/2026 21:20,22.37216267,22.31447036,22.77985498,22.0529319,22.56831652,In
27/01/2026 21:30,22.47216267,22.31447036,22.77985498,22.0529319,22.66831652,In
27/01/2026 21:40,22.37216267,22.31447036,22.67985498,22.0529319,22.56831652,In
27/01/2026 21:50,22.47216267,22.31447036,22.67985498,22.0529319,22.66831652,In
27/01/2026 22:00,22.47216267,22.21447036,22.77985498,22.0529319,22.56831652,In
27/01/2026 22:10,22.47216267,22.31447036,22.77985498,22.0529319,22.56831652,In
27/01/2026 22:20,22.47216267,22.21447036,22.77985498,22.0529319,22.66831652,In
27/01/2026 22:30,22.37216267,22.31447036,22.67985498,22.0529319,22.56831652,In
27/01/2026 22:40,22.37216267,22.31447036,22.77985498,21.9529319,22.56831652,In
27/01/2026 22:50,22.37216267,22.31447036,22.77985498,22.0529319,22.56831652,In
27/01/2026 23:00,22.47216267,22.31447036,22.77985498,21.9529319,22.56831652,In
27/01/2026 23:10,22.37216267,22.31447036,22.67985498,22.0529319,22.66831652,In
27/01/2026 23:20,22.37216267,22.21447036,22.67985498,21.9529319,22.56831652,In
27/01/2026 23:30,22.47216267,22.31447036,22.67985498,22.0529319,22.66831652,In
27/01/2026 23:40,22.37216267,22.21447036,22.67985498,22.0529319,22.56831652,In
27/01/2026 23:50,22.47216267,22.31447036,22.67985498,22.0529319,22.56831652,In
28/01/2026 00:00,22.37216267,22.21447036,22.67985498,22.0529319,22.56831652,In
28/01/2026 00:10,22.37216267,22.31447036,22.67985498,22.0529319,22.66831652,In
28/01/2026 00:20,22.47216267,22.21447036,22.77985498,22.0529319,22.56831652,In
28/01/2026 00:30,22.37216267,22.31447036,22.67985498,22.0529319,22.56831652,In
28/01/2026 00:40,22.37216267,22.21447036,22.67985498,21.9529319,22.56831652,In
28/01/2026 00:50,22.47216267,22.31447036,22.77985498,21.9529319,22.56831652,In
28/01/2026 01:00,22.47216267,22.21447036,22.67985498,22.0529319,22.66831652,In
28/01/2026 01:10,22.47216267,22.31447036,22.67985498,22.0529319,22.56831652,In
28/01/2026 01:20,22.47216267,22.21447036,22.67985498,22.0529319,22.56831652,In
28/01/2026 01:30,22.47216267,22.21447036,22.67985498,21.9529319,22.56831652,In
28/01/2026 01:40,22.37216267,22.31447036,22.67985498,22.0529319,22.56831652,In
28/01/2026 01:50,22.37216267,22.31447036,22.67985498,21.9529319,22.56831652,In
28/01/2026 02:00,22.37216267,22.31447036,22.67985498,22.0529319,22.56831652,In
28/01/2026 02:10,22.37216267,22.31447036,22.67985498,22.0529319,22.56831652,In
28/01/2026 02:20,22.37216267,22.21447036,22.67985498,22.0529319,22.56831652,In
28/01/2026 02:30,22.47216267,22.31447036,22.67985498,21.9529319,22.56831652,In
28/01/2026 02:40,22.37216267,22.21447036,22.67985498,22.0529319,22.56831652,In
28/01/2026 02:50,22.37216267,22.31447036,22.67985498,21.9529319,22.56831652,In
28/01/2026 03:00,22.47216267,22.31447036,22.67985498,22.0529319,22.56831652,In
28/01/2026 03:10,22.37216267,22.31447036,22.67985498,22.0529319,22.56831652,In
28/01/2026 03:20,22.47216267,22.21447036,22.67985498,21.9529319,22.56831652,In
28/01/2026 03:30,22.47216267,22.21447036,22.67985498,22.0529319,22.56831652,In
28/01/2026 03:40,22.37216267,22.31447036,22.67985498,21.9529319,22.56831652,In
28/01/2026 03:50,22.37216267,22.21447036,22.67985498,22.0529319,22.56831652,In
28/01/2026 04:00,22.37216267,22.21447036,22.67985498,21.9529319,22.56831652,In
28/01/2026 04:10,22.37216267,22.21447036,22.77985498,22.0529319,22.56831652,In
28/01/2026 04:20,22.37216267,22.21447036,22.67985498,21.9529319,22.56831652,In
28/01/2026 04:30,22.37216267,22.21447036,22.67985498,21.9529319,22.56831652,In
28/01/2026 04:40,22.37216267,22.31447036,22.67985498,22.0529319,22.56831652,In
28/01/2026 04:50,22.37216267,22.21447036,22.67985498,21.9529319,22.56831652,In
28/01/2026 05:00,22.37216267,22.21447036,22.67985498,21.9529319,22.56831652,In
28/01/2026 05:10,22.37216267,22.21447036,22.67985498,21.9529319,22.56831652,In
28/01/2026 05:20,22.37216267,22.21447036,22.67985498,21.9529319,22.56831652,In
28/01/2026 05:30,22.37216267,22.21447036,22.67985498,22.0529319,22.56831652,In
28/01/2026 05:40,22.37216267,22.31447036,22.67985498,22.0529319,22.56831652,In
28/01/2026 05:50,22.37216267,22.21447036,22.67985498,22.0529319,22.56831652,In
28/01/2026 06:00,22.37216267,22.21447036,22.67985498,21.9529319,22.56831652,In
28/01/2026 06:10,22.37216267,22.31447036,22.67985498,21.9529319,22.56831652,In
28/01/2026 06:20,22.37216267,22.31447036,22.67985498,22.0529319,22.66831652,In
28/01/2026 06:30,22.37216267,22.21447036,22.57985498,22.0529319,22.56831652,In
28/01/2026 06:40,22.47216267,22.31447036,22.67985498,22.0529319,22.56831652,In
28/01/2026 06:50,22.37216267,22.21447036,22.67985498,22.0529319,22.56831652,In
28/01/2026 07:00,22.37216267,22.21447036,22.67985498,21.9529319,22.56831652,In
28/01/2026 07:10,22.37216267,22.31447036,22.67985498,22.0529319,22.56831652,In
28/01/2026 07:20,22.37216267,22.31447036,22.67985498,22.0529319,22.56831652,In
28/01/2026 07:30,22.37216267,22.21447036,22.67985498,21.9529319,22.56831652,In
28/01/2026 07:40,22.47216267,22.21447036,22.67985498,22.0529319,22.56831652,In
28/01/2026 07:50,22.37216267,22.21447036,22.67985498,22.0529319,22.56831652,In
28/01/2026 08:00,22.37216267,22.31447036,22.67985498,21.9529319,22.56831652,In
28/01/2026 08:10,22.37216267,22.21447036,22.67985498,22.0529319,22.56831652,In
28/01/2026 08:20,22.37216267,22.21447036,22.67985498,22.0529319,22.56831652,In
28/01/2026 08:30,22.37216267,22.21447036,22.67985498,22.0529319,22.56831652,In
28/01/2026 08:40,22.47216267,22.31447036,22.67985498,22.0529319,22.56831652,In
28/01/2026 08:50,22.47216267,22.21447036,22.67985498,21.9529319,22.56831652,In
28/01/2026 09:00,22.37216267,22.31447036,22.67985498,22.0529319,22.56831652,In
28/01/2026 09:10,22.37216267,22.21447036,22.67985498,21.9529319,22.56831652,In
28/01/2026 09:20,22.47216267,22.21447036,22.67985498,22.0529319,22.56831652,In
28/01/2026 09:30,22.37216267,22.31447036,22.67985498,22.0529319,22.56831652,In
28/01/2026 09:40,22.37216267,22.21447036,22.67985498,22.0529319,22.56831652,In
28/01/2026 09:50,22.37216267,22.21447036,22.67985498,21.9529319,22.56831652,In
28/01/2026 10:00,22.47216267,22.21447036,22.67985498,22.0529319,22.56831652,In
28/01/2026 10:10,22.37216267,22.21447036,22.67985498,21.9529319,22.56831652,In
28/01/2026 10:20,22.37216267,22.21447036,22.77985498,22.0529319,22.56831652,In
28/01/2026 10:30,22.37216267,22.21447036,22.77985498,21.9529319,22.56831652,In
28/01/2026 10:40,22.47216267,22.21447036,22.67985498,22.0529319,22.56831652,In
28/01/2026 10:50,22.37216267,22.21447036,22.67985498,22.0529319,22.56831652,In
28/01/2026 11:00,22.37216267,22.21447036,22.67985498,21.9529319,22.56831652,In
28/01/2026 11:10,22.37216267,22.31447036,22.67985498,22.0529319,22.56831652,In
28/01/2026 11:20,22.37216267,22.21447036,22.67985498,22.0529319,22.56831652,In
28/01/2026 11:30,22.47216267,22.21447036,22.67985498,21.9529319,22.56831652,In
28/01/2026 11:40,22.47216267,22.31447036,22.67985498,21.9529319,22.56831652,In
28/01/2026 11:50,22.37216267,22.21447036,22.67985498,22.0529319,22.56831652,In
28/01/2026 12:00,22.37216267,22.21447036,22.67985498,21.9529319,22.56831652,In
28/01/2026 12:10,22.37216267,22.31447036,22.67985498,22.0529319,22.56831652,In
28/01/2026 12:20,22.37216267,22.31447036,22.67985498,22.0529319,22.46831652,In
28/01/2026 12:30,22.47216267,22.31447036,22.77985498,22.0529319,22.56831652,In
28/01/2026 12:40,22.37216267,22.21447036,22.67985498,21.9529319,22.56831652,In
28/01/2026 12:50,22.47216267,22.31447036,22.67985498,22.0529319,22.56831652,In
28/01/2026 13:00,22.37216267,22.21447036,22.67985498,22.0529319,22.56831652,In
28/01/2026 13:10,22.47216267,22.31447036,22.67985498,22.0529319,22.56831652,In
28/01/2026 13:20,22.37216267,22.21447036,22.67985498,22.0529319,22.56831652,In
28/01/2026 13:30,22.47216267,22.21447036,22.67985498,21.9529319,22.56831652,In
28/01/2026 13:40,22.37216267,22.31447036,22.67985498,22.0529319,22.56831652,In
28/01/2026 13:50,22.47216267,22.21447036,22.67985498,21.9529319,22.56831652,In
28/01/2026 14:00,22.37216267,22.21447036,22.77985498,22.0529319,22.56831652,In
28/01/2026 14:10,22.47216267,22.31447036,22.77985498,21.9529319,22.56831652,In
28/01/2026 14:20,22.37216267,22.21447036,22.67985498,21.9529319,22.56831652,In
28/01/2026 14:30,22.37216267,22.21447036,22.67985498,22.0529319,22.66831652,In
28/01/2026 14:40,22.47216267,22.21447036,22.67985498,21.9529319,22.56831652,In
28/01/2026 14:50,22.47216267,22.21447036,22.67985498,21.9529319,22.56831652,In
28/01/2026 15:00,22.37216267,22.21447036,22.67985498,21.9529319,22.56831652,In
28/01/2026 15:10,22.47216267,22.31447036,22.77985498,22.0529319,22.56831652,In
28/01/2026 15:20,22.37216267,22.31447036,22.67985498,22.0529319,22.56831652,In
28/01/2026 15:30,22.47216267,22.21447036,22.67985498,21.9529319,22.56831652,In
28/01/2026 15:40,22.47216267,22.31447036,22.77985498,22.0529319,22.56831652,In
28/01/2026 15:50,22.47216267,22.21447036,22.67985498,22.0529319,22.56831652,In
28/01/2026 16:00,22.37216267,22.21447036,22.67985498,22.0529319,22.56831652,In
28/01/2026 16:10,22.37216267,22.21447036,22.67985498,22.0529319,22.56831652,In
28/01/2026 16:20,22.37216267,22.21447036,22.67985498,22.0529319,22.66831652,In
28/01/2026 16:30,22.37216267,22.21447036,22.67985498,22.0529319,22.66831652,In
28/01/2026 16:40,22.47216267,22.21447036,22.77985498,21.9529319,22.66831652,In
28/01/2026 16:50,22.37216267,22.21447036,22.77985498,22.0529319,22.56831652,In
28/01/2026 17:00,22.37216267,22.21447036,22.67985498,22.0529319,22.56831652,In
28/01/2026 17:10,22.47216267,22.21447036,22.67985498,22.0529319,22.56831652,In
28/01/2026 17:20,22.47216267,22.21447036,22.67985498,22.0529319,22.56831652,In
28/01/2026 17:30,22.37216267,22.21447036,22.67985498,22.0529319,22.56831652,In
28/01/2026 17:40,22.47216267,22.21447036,22.67985498,21.9529319,22.56831652,In
28/01/2026 17:50,22.37216267,22.21447036,22.67985498,22.0529319,22.56831652,In
28/01/2026 18:00,22.37216267,22.21447036,22.67985498,21.9529319,22.56831652,In
28/01/2026 18:10,22.37216267,22.21447036,22.67985498,22.0529319,22.56831652,In
28/01/2026 18:20,22.47216267,22.21447036,22.57985498,21.9529319,22.56831652,In
28/01/2026 18:30,22.37216267,22.21447036,22.57985498,21.9529319,22.56831652,In
28/01/2026 18:40,22.37216267,22.21447036,22.67985498,21.9529319,22.56831652,In
28/01/2026 18:50,22.37216267,22.21447036,22.67985498,21.9529319,22.56831652,In
28/01/2026 19:00,22.37216267,22.21447036,22.67985498,22.0529319,22.66831652,In
28/01/2026 19:10,22.37216267,22.31447036,22.67985498,22.0529319,22.56831652,In
28/01/2026 19:20,22.37216267,22.21447036,22.67985498,22.0529319,22.56831652,In
28/01/2026 19:30,22.47216267,22.21447036,22.77985498,21.9529319,22.56831652,In
28/01/2026 19:40,22.37216267,22.21447036,22.67985498,21.9529319,22.56831652,In
28/01/2026 19:50,22.37216267,22.21447036,22.67985498,22.0529319,22.56831652,In
28/01/2026 20:00,22.37216267,22.21447036,22.67985498,21.9529319,22.56831652,In
28/01/2026 20:10,22.37216267,22.31447036,22.67985498,21.9529319,22.56831652,In
28/01/2026 20:20,22.37216267,22.21447036,22.67985498,21.9529319,22.56831652,In
28/01/2026 20:30,22.37216267,22.21447036,22.67985498,22.0529319,22.56831652,In
28/01/2026 20:40,22.37216267,22.31447036,22.67985498,21.9529319,22.56831652,In
28/01/2026 20:50,22.37216267,22.21447036,22.67985498,21.9529319,22.56831652,In
28/01/2026 21:00,22.37216267,22.31447036,22.67985498,22.0529319,22.56831652,In
28/01/2026 21:10,22.37216267,22.21447036,22.67985498,21.9529319,22.56831652,In
28/01/2026 21:20,22.37216267,22.21447036,22.67985498,22.0529319,22.56831652,In
28/01/2026 21:30,22.37216267,22.21447036,22.77985498,21.9529319,22.56831652,In
28/01/2026 21:40,22.47216267,22.31447036,22.67985498,21.9529319,22.56831652,In
28/01/2026 21:50,22.37216267,22.31447036,22.67985498,22.0529319,22.56831652,In
28/01/2026 22:00,22.37216267,22.21447036,22.67985498,21.9529319,22.56831652,In
28/01/2026 22:10,22.37216267,22.21447036,22.67985498,21.9529319,22.56831652,In
28/01/2026 22:20,22.37216267,22.21447036,22.67985498,22.0529319,22.56831652,In
28/01/2026 22:30,22.37216267,22.21447036,22.67985498,22.0529319,22.56831652,In
28/01/2026 22:40,22.37216267,22.21447036,22.67985498,22.0529319,22.56831652,In
28/01/2026 22:50,22.47216267,22.31447036,22.67985498,21.9529319,22.56831652,In
28/01/2026 23:00,22.37216267,22.21447036,22.67985498,21.9529319,22.56831652,In
28/01/2026 23:10,22.37216267,22.31447036,22.67985498,22.0529319,22.56831652,In
28/01/2026 23:20,22.47216267,22.21447036,22.67985498,22.0529319,22.56831652,In
28/01/2026 23:30,22.37216267,22.21447036,22.67985498,22.0529319,22.56831652,In
28/01/2026 23:40,22.37216267,22.21447036,22.77985498,21.9529319,22.56831652,In
28/01/2026 23:50,22.37216267,22.21447036,22.67985498,21.9529319,22.56831652,In
29/01/2026 00:00,22.37216267,22.21447036,22.67985498,21.9529319,22.56831652,In
29/01/2026 00:10,22.37216267,22.21447036,22.67985498,21.9529319,22.56831652,In
29/01/2026 00:20,22.37216267,22.21447036,22.67985498,21.9529319,22.56831652,In
29/01/2026 00:30,22.37216267,22.21447036,22.67985498,21.9529319,22.56831652,In
29/01/2026 00:40,22.37216267,22.21447036,22.67985498,21.9529319,22.56831652,In
29/01/2026 00:50,22.37216267,22.21447036,22.67985498,21.9529319,22.56831652,In
29/01/2026 01:00,22.37216267,22.21447036,22.67985498,21.9529319,22.56831652,In
29/01/2026 01:10,22.37216267,22.21447036,22.67985498,21.9529319,22.56831652,In
29/01/2026 01:20,22.37216267,22.21447036,22.67985498,21.9529319,22.46831652,In
29/01/2026 01:30,22.37216267,22.21447036,22.67985498,21.9529319,22.56831652,In
29/01/2026 01:40,22.37216267,22.21447036,22.57985498,22.0529319,22.66831652,In
29/01/2026 01:50,22.37216267,22.21447036,22.67985498,21.9529319,22.56831652,In
29/01/2026 02:00,22.37216267,22.11447036,22.67985498,21.8529319,22.56831652,In
29/01/2026 02:10,22.37216267,22.21447036,22.67985498,21.9529319,22.56831652,In
29/01/2026 02:20,22.37216267,22.21447036,22.67985498,21.9529319,22.56831652,In
29/01/2026 02:30,22.37216267,22.21447036,22.57985498,21.9529319,22.56831652,In
29/01/2026 02:40,22.37216267,22.21447036,22.57985498,21.9529319,22.46831652,In
29/01/2026 02:50,22.37216267,22.21447036,22.67985498,21.9529319,22.56831652,In
29/01/2026 03:00,22.37216267,22.21447036,22.67985498,22.0529319,22.56831652,In
29/01/2026 03:10,22.37216267,22.21447036,22.67985498,21.9529319,22.56831652,In
29/01/2026 03:20,22.37216267,22.21447036,22.67985498,21.9529319,22.46831652,In
29/01/2026 03:30,22.37216267,22.21447036,22.67985498,21.9529319,22.56831652,In
29/01/2026 03:40,22.37216267,22.21447036,22.67985498,21.9529319,22.56831652,In
29/01/2026 03:50,22.37216267,22.11447036,22.67985498,21.9529319,22.56831652,In
29/01/2026 04:00,22.37216267,22.21447036,22.67985498,21.9529319,22.56831652,In
29/01/2026 04:10,22.37216267,22.21447036,22.67985498,22.0529319,22.56831652,In
29/01/2026 04:20,22.37216267,22.21447036,22.67985498,22.0529319,22.56831652,In
29/01/2026 04:30,22.37216267,22.21447036,22.67985498,21.9529319,22.56831652,In
29/01/2026 04:40,22.37216267,22.21447036,22.67985498,21.9529319,22.56831652,In
29/01/2026 04:50,22.37216267,22.21447036,22.67985498,21.9529319,22.56831652,In
29/01/2026 05:00,22.37216267,22.21447036,22.67985498,22.0529319,22.56831652,In
29/01/2026 05:10,22.37216267,22.21447036,22.77985498,22.0529319,22.56831652,In
29/01/2026 05:20,22.37216267,22.21447036,22.67985498,22.0529319,22.46831652,In
29/01/2026 05:30,22.37216267,22.21447036,22.67985498,22.0529319,22.56831652,In
29/01/2026 05:40,22.47216267,22.21447036,22.67985498,21.9529319,22.56831652,In
29/01/2026 05:50,22.37216267,22.21447036,22.67985498,22.0529319,22.66831652,In
29/01/2026 06:00,22.37216267,22.21447036,22.67985498,22.0529319,22.56831652,In
29/01/2026 06:10,22.37216267,22.21447036,22.67985498,21.9529319,22.56831652,In
29/01/2026 06:20,22.37216267,22.21447036,22.67985498,21.9529319,22.56831652,In
29/01/2026 06:30,22.37216267,22.21447036,22.67985498,21.9529319,22.66831652,In
29/01/2026 06:40,22.37216267,22.31447036,22.67985498,21.9529319,22.56831652,In
29/01/2026 06:50,22.37216267,22.21447036,22.67985498,22.0529319,22.56831652,In
29/01/2026 07:00,22.37216267,22.21447036,22.67985498,21.9529319,22.66831652,In
29/01/2026 07:10,22.37216267,22.31447036,22.77985498,21.9529319,22.56831652,In
29/01/2026 07:20,22.37216267,22.21447036,22.67985498,22.0529319,22.56831652,In
29/01/2026 07:30,22.37216267,22.21447036,22.77985498,21.9529319,22.56831652,In
29/01/2026 07:40,22.47216267,22.31447036,22.67985498,22.0529319,22.56831652,In
29/01/2026 07:50,22.47216267,22.21447036,22.67985498,21.9529319,22.56831652,In
29/01/2026 08:00,22.37216267,22.31447036,22.67985498,22.0529319,22.56831652,In
29/01/2026 08:10,22.37216267,22.21447036,22.67985498,22.0529319,22.56831652,In
29/01/2026 08:20,22.37216267,22.21447036,22.67985498,22.0529319,22.56831652,In
29/01/2026 08:30,22.47216267,22.21447036,22.67985498,21.9529319,22.56831652,In
29/01/2026 08:40,22.37216267,22.21447036,22.67985498,21.9529319,22.56831652,In
29/01/2026 08:50,22.37216267,22.21447036,22.67985498,21.9529319,22.56831652,In
29/01/2026 09:00,22.37216267,22.21447036,22.67985498,21.9529319,22.56831652,In
29/01/2026 09:10,22.37216267,22.21447036,22.67985498,21.9529319,22.56831652,In
29/01/2026 09:20,22.37216267,22.21447036,22.67985498,22.0529319,22.56831652,In
29/01/2026 09:30,22.37216267,22.21447036,22.67985498,21.9529319,22.56831652,In
29/01/2026 09:40,22.37216267,22.21447036,22.67985498,21.9529319,22.56831652,In
29/01/2026 09:50,22.37216267,22.21447036,22.67985498,21.9529319,22.56831652,In
29/01/2026 10:00,22.37216267,22.21447036,22.67985498,21.9529319,22.46831652,In
29/01/2026 10:10,22.37216267,22.21447036,22.67985498,22.0529319,22.56831652,In
29/01/2026 10:20,22.37216267,22.21447036,22.67985498,21.9529319,22.56831652,In
29/01/2026 10:30,22.37216267,22.21447036,22.57985498,22.0529319,22.56831652,In
29/01/2026 10:40,22.37216267,22.21447036,22.67985498,21.9529319,22.56831652,In
29/01/2026 10:50,22.37216267,22.21447036,22.67985498,21.9529319,22.56831652,In
29/01/2026 11:00,22.37216267,22.21447036,22.67985498,22.0529319,22.56831652,In
29/01/2026 11:10,22.37216267,22.21447036,22.67985498,21.9529319,22.56831652,In
29/01/2026 11:20,22.37216267,22.21447036,22.67985498,21.9529319,22.56831652,In
29/01/2026 11:30,22.37216267,22.21447036,22.67985498,21.9529319,22.56831652,In
29/01/2026 11:40,22.37216267,22.21447036,22.67985498,22.0529319,22.56831652,In
29/01/2026 11:50,22.37216267,22.21447036,22.67985498,21.9529319,22.56831652,In
29/01/2026 12:00,22.37216267,22.21447036,22.57985498,22.0529319,22.56831652,In
29/01/2026 12:10,22.37216267,22.31447036,22.67985498,21.9529319,22.56831652,In
29/01/2026 12:20,22.37216267,22.21447036,22.67985498,21.9529319,22.56831652,In
29/01/2026 12:30,22.37216267,22.21447036,22.67985498,22.0529319,22.56831652,In
29/01/2026 12:40,22.37216267,22.21447036,22.67985498,21.9529319,22.56831652,In
29/01/2026 12:50,22.37216267,22.21447036,22.67985498,21.9529319,22.56831652,In
29/01/2026 13:00,22.37216267,22.21447036,22.67985498,21.9529319,22.56831652,In
29/01/2026 13:10,22.37216267,22.21447036,22.67985498,21.9529319,22.46831652,In
29/01/2026 13:20,22.37216267,22.21447036,22.67985498,21.9529319,22.56831652,In
29/01/2026 13:30,22.37216267,22.21447036,22.67985498,22.0529319,22.56831652,In
29/01/2026 13:40,22.37216267,22.21447036,22.67985498,21.9529319,22.56831652,In
29/01/2026 13:50,22.37216267,22.11447036,22.67985498,21.9529319,22.56831652,In
29/01/2026 14:00,22.37216267,22.31447036,22.67985498,21.9529319,22.56831652,In
29/01/2026 14:10,22.37216267,22.11447036,22.67985498,21.9529319,22.56831652,In
29/01/2026 14:20,22.37216267,22.21447036,22.67985498,22.0529319,22.56831652,In
29/01/2026 14:30,22.37216267,22.21447036,22.67985498,22.0529319,22.56831652,In
29/01/2026 14:40,22.37216267,22.21447036,22.67985498,22.0529319,22.56831652,In
29/01/2026 14:50,22.37216267,22.21447036,22.67985498,21.9529319,22.56831652,In
29/01/2026 15:00,22.37216267,22.21447036,22.67985498,22.0529319,22.56831652,In
29/01/2026 15:10,22.37216267,22.21447036,22.67985498,22.0529319,22.56831652,In
29/01/2026 15:20,22.37216267,22.21447036,22.67985498,22.0529319,22.56831652,In
29/01/2026 15:30,22.37216267,22.21447036,22.67985498,21.9529319,22.56831652,In
29/01/2026 15:40,22.37216267,22.21447036,22.67985498,21.9529319,22.56831652,In
29/01/2026 15:50,22.37216267,22.31447036,22.67985498,22.0529319,22.56831652,In
29/01/2026 16:00,22.47216267,22.21447036,22.67985498,21.9529319,22.56831652,In
29/01/2026 16:10,22.37216267,22.21447036,22.67985498,21.9529319,22.56831652,In
29/01/2026 16:20,22.37216267,22.21447036,22.77985498,21.9529319,22.56831652,In
29/01/2026 16:30,22.37216267,22.21447036,22.67985498,22.0529319,22.56831652,In
29/01/2026 16:40,22.37216267,22.21447036,22.67985498,22.0529319,22.56831652,In
29/01/2026 16:50,22.37216267,22.21447036,22.67985498,22.0529319,22.56831652,In
29/01/2026 17:00,22.37216267,22.21447036,22.67985498,22.0529319,22.56831652,In
29/01/2026 17:10,22.47216267,22.21447036,22.67985498,22.0529319,22.56831652,In
29/01/2026 17:20,22.37216267,22.31447036,22.67985498,22.0529319,22.56831652,In
29/01/2026 17:30,22.37216267,22.21447036,22.67985498,21.9529319,22.56831652,In
29/01/2026 17:40,22.37216267,22.21447036,22.67985498,22.0529319,22.56831652,In
29/01/2026 17:50,22.37216267,22.21447036,22.67985498,21.9529319,22.56831652,In
29/01/2026 18:00,22.37216267,22.21447036,22.67985498,22.0529319,22.56831652,In
29/01/2026 18:10,22.37216267,22.21447036,22.67985498,21.9529319,22.56831652,In
29/01/2026 18:20,22.47216267,22.21447036,22.67985498,21.9529319,22.56831652,In
29/01/2026 18:30,22.37216267,22.31447036,22.67985498,22.0529319,22.56831652,In
29/01/2026 18:40,22.37216267,22.31447036,22.67985498,21.9529319,22.56831652,In
29/01/2026 18:50,22.37216267,22.21447036,22.67985498,22.0529319,22.56831652,In
29/01/2026 19:00,22.37216267,22.21447036,22.67985498,21.9529319,22.56831652,In
29/01/2026 19:10,22.47216267,22.21447036,22.57985498,21.9529319,22.56831652,In
29/01/2026 19:20,22.37216267,22.21447036,22.67985498,21.9529319,22.56831652,In
29/01/2026 19:30,22.47216267,22.21447036,22.67985498,22.0529319,22.56831652,In
29/01/2026 19:40,22.47216267,22.21447036,22.67985498,22.0529319,22.56831652,In
29/01/2026 19:50,22.37216267,22.21447036,22.67985498,22.0529319,22.56831652,In
29/01/2026 20:00,22.37216267,22.21447036,22.67985498,22.0529319,22.56831652,In
29/01/2026 20:10,22.37216267,22.21447036,22.67985498,22.0529319,22.56831652,In
29/01/2026 20:20,22.37216267,22.21447036,22.67985498,22.0529319,22.56831652,In
29/01/2026 20:30,22.37216267,22.21447036,22.67985498,22.0529319,22.66831652,In
29/01/2026 20:40,22.37216267,22.21447036,22.77985498,22.0529319,22.56831652,In
29/01/2026 20:50,22.37216267,22.21447036,22.67985498,21.9529319,22.56831652,In
29/01/2026 21:00,22.37216267,22.21447036,22.57985498,21.9529319,22.56831652,In
29/01/2026 21:10,22.47216267,22.21447036,22.67985498,22.0529319,22.56831652,In
29/01/2026 21:20,22.37216267,22.21447036,22.67985498,22.0529319,22.56831652,In
29/01/2026 21:30,22.47216267,22.31447036,22.67985498,22.0529319,22.56831652,In
29/01/2026 21:40,22.37216267,22.21447036,22.67985498,22.0529319,22.56831652,In
29/01/2026 21:50,22.37216267,22.31447036,22.77985498,22.0529319,22.56831652,In
29/01/2026 22:00,22.47216267,22.21447036,22.67985498,21.9529319,22.56831652,In
29/01/2026 22:10,22.47216267,22.21447036,22.67985498,22.0529319,22.56831652,In
29/01/2026 22:20,22.37216267,22.31447036,22.67985498,21.9529319,22.56831652,In
29/01/2026 22:30,22.47216267,22.21447036,22.67985498,22.0529319,22.56831652,In
29/01/2026 22:40,22.47216267,22.21447036,22.67985498,21.9529319,22.56831652,In
29/01/2026 22:50,22.47216267,22.31447036,22.67985498,22.0529319,22.56831652,In
29/01/2026 23:00,22.37216267,22.21447036,22.67985498,21.9529319,22.66831652,In
29/01/2026 23:10,22.47216267,22.31447036,22.67985498,22.0529319,22.56831652,In
29/01/2026 23:20,22.37216267,22.21447036,22.67985498,22.0529319,22.56831652,In
29/01/2026 23:30,22.37216267,22.21447036,22.67985498,22.0529319,22.56831652,In
29/01/2026 23:40,22.37216267,22.31447036,22.67985498,22.0529319,22.56831652,In
29/01/2026 23:50,22.37216267,22.31447036,22.67985498,22.0529319,22.56831652,In
30/01/2026 00:00,22.37216267,22.21447036,22.67985498,22.0529319,22.56831652,In
30/01/2026 00:10,22.37216267,22.21447036,22.67985498,22.0529319,22.56831652,In
30/01/2026 00:20,22.37216267,22.31447036,22.67985498,21.9529319,22.56831652,In
30/01/2026 00:30,22.47216267,22.21447036,22.67985498,22.0529319,22.56831652,In
30/01/2026 00:40,22.37216267,22.21447036,22.67985498,21.9529319,22.56831652,In
30/01/2026 00:50,22.47216267,22.21447036,22.67985498,22.0529319,22.56831652,In
30/01/2026 01:00,22.37216267,22.21447036,22.77985498,22.0529319,22.56831652,In
30/01/2026 01:10,22.37216267,22.21447036,22.67985498,22.0529319,22.56831652,In
30/01/2026 01:20,22.47216267,22.21447036,22.67985498,22.0529319,22.56831652,In
30/01/2026 01:30,22.37216267,22.21447036,22.67985498,22.0529319,22.56831652,In
30/01/2026 01:40,22.47216267,22.31447036,22.67985498,21.9529319,22.56831652,In
30/01/2026 01:50,22.37216267,22.21447036,22.67985498,22.0529319,22.66831652,In
30/01/2026 02:00,22.47216267,22.31447036,22.67985498,22.0529319,22.56831652,In
30/01/2026 02:10,22.37216267,22.21447036,22.67985498,22.0529319,22.56831652,In
30/01/2026 02:20,22.37216267,22.21447036,22.67985498,21.9529319,22.56831652,In
30/01/2026 02:30,22.37216267,22.21447036,22.67985498,21.9529319,22.56831652,In
30/01/2026 02:40,22.37216267,22.21447036,22.67985498,21.9529319,22.56831652,In
30/01/2026 02:50,22.37216267,22.21447036,22.67985498,22.0529319,22.56831652,In
30/01/2026 03:00,22.37216267,22.11447036,22.67985498,22.0529319,22.56831652,In
30/01/2026 03:10,22.37216267,22.21447036,22.67985498,22.0529319,22.56831652,In
30/01/2026 03:20,22.37216267,22.21447036,22.67985498,22.0529319,22.56831652,In
30/01/2026 03:30,22.37216267,22.21447036,22.67985498,22.0529319,22.56831652,In
30/01/2026 03:40,22.37216267,22.21447036,22.67985498,22.0529319,22.56831652,In
30/01/2026 03:50,22.27216267,22.11447036,22.67985498,21.9529319,22.56831652,In
30/01/2026 04:00,22.37216267,22.21447036,22.77985498,21.9529319,22.56831652,In
30/01/2026 04:10,22.37216267,22.21447036,22.67985498,21.9529319,22.56831652,In
30/01/2026 04:20,22.27216267,22.21447036,22.67985498,21.9529319,22.66831652,In
30/01/2026 04:30,22.37216267,22.21447036,22.77985498,21.9529319,22.56831652,In
30/01/2026 04:40,22.37216267,22.11447036,22.67985498,22.0529319,22.56831652,In
30/01/2026 04:50,22.27216267,22.21447036,22.67985498,22.0529319,22.56831652,In
30/01/2026 05:00,22.37216267,22.21447036,22.67985498,21.9529319,22.56831652,In
30/01/2026 05:10,22.37216267,22.21447036,22.67985498,21.9529319,22.56831652,In
30/01/2026 05:20,22.37216267,22.21447036,22.67985498,21.9529319,22.56831652,In
30/01/2026 05:30,22.47216267,22.31447036,22.67985498,21.9529319,22.56831652,In
30/01/2026 05:40,22.37216267,22.21447036,22.57985498,21.9529319,22.56831652,In
30/01/2026 05:50,22.37216267,22.21447036,22.67985498,21.9529319,22.56831652,In
30/01/2026 06:00,22.37216267,22.21447036,22.67985498,22.0529319,22.56831652,In
30/01/2026 06:10,22.37216267,22.21447036,22.57985498,21.9529319,22.56831652,In
30/01/2026 06:20,22.37216267,22.21447036,22.57985498,21.9529319,22.56831652,In
30/01/2026 06:30,22.47216267,22.21447036,22.67985498,21.9529319,22.56831652,In
30/01/2026 06:40,22.37216267,22.21447036,22.67985498,21.9529319,22.56831652,In
30/01/2026 06:50,22.37216267,22.21447036,22.67985498,21.9529319,22.56831652,In
30/01/2026 07:00,22.37216267,22.11447036,22.67985498,21.9529319,22.56831652,In
30/01/2026 07:10,22.37216267,22.21447036,22.67985498,22.0529319,22.56831652,In
30/01/2026 07:20,22.37216267,22.21447036,22.67985498,22.0529319,22.56831652,In
30/01/2026 07:30,22.37216267,22.21447036,22.67985498,21.9529319,22.56831652,In
30/01/2026 07:40,22.37216267,22.21447036,22.57985498,21.9529319,22.56831652,In
30/01/2026 07:50,22.37216267,22.11447036,22.67985498,21.9529319,22.66831652,In
30/01/2026 08:00,22.37216267,22.21447036,22.67985498,21.9529319,22.56831652,In
30/01/2026 08:10,22.37216267,22.21447036,22.67985498,22.0529319,22.56831652,In
30/01/2026 08:20,22.47216267,22.21447036,22.67985498,21.9529319,22.56831652,In
30/01/2026 08:30,22.37216267,22.31447036,22.67985498,21.9529319,22.56831652,In
30/01/2026 08:40,22.47216267,22.21447036,22.67985498,21.9529319,22.56831652,In
30/01/2026 08:50,22.37216267,22.21447036,22.67985498,22.0529319,22.56831652,In
30/01/2026 09:00,22.37216267,22.11447036,22.67985498,21.9529319,22.56831652,In
30/01/2026 09:10,22.37216267,22.21447036,22.67985498,21.9529319,22.56831652,In
30/01/2026 09:20,22.37216267,22.21447036,22.67985498,21.9529319,22.56831652,In
30/01/2026 09:30,22.27216267,22.21447036,22.67985498,21.9529319,22.56831652,In
30/01/2026 09:40,22.37216267,22.21447036,22.67985498,21.9529319,22.56831652,In
30/01/2026 09:50,22.37216267,22.21447036,22.67985498,21.9529319,22.56831652,In
30/01/2026 10:00,22.37216267,22.21447036,22.67985498,21.9529319,22.56831652,In
30/01/2026 10:10,22.37216267,22.21447036,22.67985498,22.0529319,22.56831652,In
30/01/2026 10:20,22.37216267,22.21447036,22.67985498,21.9529319,22.46831652,In
30/01/2026 10:30,22.37216267,22.21447036,22.67985498,21.9529319,22.56831652,In
30/01/2026 10:40,22.37216267,22.21447036,22.67985498,21.9529319,22.56831652,In
30/01/2026 10:50,22.37216267,22.21447036,22.67985498,21.9529319,22.56831652,In
30/01/2026 11:00,22.37216267,22.21447036,22.67985498,22.0529319,22.56831652,In
30/01/2026 11:10,22.37216267,22.21447036,22.67985498,21.9529319,22.56831652,In
30/01/2026 11:20,22.37216267,22.21447036,22.67985498,21.9529319,22.56831652,In
30/01/2026 11:30,22.37216267,22.21447036,22.67985498,21.9529319,22.56831652,In
30/01/2026 11:40,22.37216267,22.21447036,22.67985498,21.9529319,22.56831652,In
30/01/2026 11:50,22.37216267,22.21447036,22.67985498,21.9529319,22.56831652,In
30/01/2026 12:00,22.37216267,22.31447036,22.67985498,21.9529319,22.56831652,In
30/01/2026 12:10,22.37216267,22.21447036,22.67985498,21.9529319,22.56831652,In
30/01/2026 12:20,22.37216267,22.31447036,22.67985498,21.9529319,22.56831652,In
30/01/2026 12:30,22.47216267,22.21447036,22.67985498,21.9529319,22.56831652,In
30/01/2026 12:40,22.47216267,22.21447036,22.67985498,22.0529319,22.56831652,In
30/01/2026 12:50,22.37216267,22.21447036,22.67985498,22.0529319,22.56831652,In
30/01/2026 13:00,22.37216267,22.21447036,22.67985498,21.9529319,22.56831652,In
30/01/2026 13:10,22.37216267,22.21447036,22.67985498,22.0529319,22.56831652,In
30/01/2026 13:20,22.37216267,22.21447036,22.67985498,21.9529319,22.56831652,In
30/01/2026 13:30,22.37216267,22.21447036,22.67985498,21.9529319,22.56831652,In
30/01/2026 13:40,22.37216267,22.31447036,22.67985498,21.9529319,22.56831652,In
30/01/2026 13:50,22.47216267,22.21447036,22.67985498,22.0529319,22.56831652,In
30/01/2026 14:00,22.37216267,22.21447036,22.77985498,22.0529319,22.56831652,In
30/01/2026 14:10,22.37216267,22.21447036,22.77985498,22.0529319,22.56831652,In
30/01/2026 14:20,22.37216267,22.21447036,22.67985498,22.0529319,22.56831652,In
30/01/2026 14:30,22.47216267,22.31447036,22.67985498,22.0529319,22.56831652,In
30/01/2026 14:40,22.37216267,22.21447036,22.67985498,22.0529319,22.56831652,In
30/01/2026 14:50,22.37216267,22.31447036,22.67985498,22.0529319,22.56831652,In
30/01/2026 15:00,22.37216267,22.21447036,22.77985498,22.0529319,22.56831652,In
30/01/2026 15:10,22.47216267,22.21447036,22.67985498,21.9529319,22.56831652,In
30/01/2026 15:20,22.47216267,22.21447036,22.77985498,22.0529319,22.56831652,In
30/01/2026 15:30,22.37216267,22.21447036,22.67985498,21.9529319,22.56831652,In
30/01/2026 15:40,22.37216267,22.21447036,22.67985498,22.0529319,22.56831652,In
30/01/2026 15:50,22.37216267,22.31447036,22.67985498,21.9529319,22.56831652,In
30/01/2026 16:00,22.37216267,22.21447036,22.67985498,22.0529319,22.56831652,In
30/01/2026 16:10,22.47216267,22.21447036,22.77985498,22.0529319,22.56831652,In
30/01/2026 16:20,22.47216267,22.21447036,22.67985498,21.9529319,22.56831652,In
30/01/2026 16:30,22.47216267,22.21447036,22.67985498,21.9529319,22.56831652,In
30/01/2026 16:40,22.47216267,22.31447036,22.77985498,21.9529319,22.56831652,In
30/01/2026 16:50,22.47216267,22.31447036,22.77985498,22.0529319,22.56831652,In
30/01/2026 17:00,22.37216267,22.21447036,22.67985498,22.0529319,22.56831652,In
30/01/2026 17:10,22.37216267,22.31447036,22.67985498,22.0529319,22.56831652,In
30/01/2026 17:20,22.47216267,22.21447036,22.67985498,22.0529319,22.56831652,In
30/01/2026 17:30,22.47216267,22.21447036,22.67985498,22.0529319,22.56831652,In
30/01/2026 17:40,22.37216267,22.21447036,22.67985498,22.0529319,22.56831652,In
30/01/2026 17:50,22.47216267,22.21447036,22.67985498,22.0529319,22.56831652,In
30/01/2026 18:00,22.37216267,22.31447036,22.67985498,22.0529319,22.56831652,In
30/01/2026 18:10,22.37216267,22.31447036,22.67985498,22.0529319,22.56831652,In
30/01/2026 18:20,22.37216267,22.21447036,22.67985498,22.0529319,22.56831652,In
30/01/2026 18:30,22.37216267,22.21447036,22.67985498,22.0529319,22.56831652,In
30/01/2026 18:40,22.47216267,22.21447036,22.67985498,22.0529319,22.66831652,In
30/01/2026 18:50,22.37216267,22.21447036,22.67985498,22.0529319,22.56831652,In
30/01/2026 19:00,22.37216267,22.31447036,22.67985498,22.0529319,22.56831652,In
30/01/2026 19:10,22.47216267,22.31447036,22.67985498,22.0529319,22.56831652,In
30/01/2026 19:20,22.37216267,22.21447036,22.67985498,22.0529319,22.56831652,In
30/01/2026 19:30,22.37216267,22.21447036,22.67985498,22.0529319,22.56831652,In
30/01/2026 19:40,22.47216267,22.21447036,22.67985498,21.9529319,22.56831652,In
30/01/2026 19:50,22.47216267,22.21447036,22.67985498,22.0529319,22.56831652,In
30/01/2026 20:00,22.47216267,22.31447036,22.67985498,21.9529319,22.56831652,In
30/01/2026 20:10,22.47216267,22.21447036,22.67985498,21.9529319,22.56831652,In
30/01/2026 20:20,22.37216267,22.21447036,22.67985498,22.0529319,22.56831652,In
30/01/2026 20:30,22.37216267,22.21447036,22.67985498,21.9529319,22.56831652,In
30/01/2026 20:40,22.37216267,22.21447036,22.77985498,21.9529319,22.56831652,In
30/01/2026 20:50,22.37216267,22.31447036,22.67985498,21.9529319,22.56831652,In
30/01/2026 21:00,22.37216267,22.21447036,22.67985498,22.0529319,22.56831652,In
30/01/2026 21:10,22.37216267,22.21447036,22.67985498,22.0529319,22.56831652,In
30/01/2026 21:20,22.37216267,22.21447036,22.67985498,22.0529319,22.56831652,In
30/01/2026 21:30,22.37216267,22.21447036,22.67985498,21.9529319,22.56831652,In
30/01/2026 21:40,22.37216267,22.21447036,22.67985498,21.9529319,22.56831652,In
30/01/2026 21:50,22.37216267,22.21447036,22.67985498,21.9529319,22.56831652,In
30/01/2026 22:00,22.47216267,22.21447036,22.67985498,22.0529319,22.56831652,In
30/01/2026 22:10,22.37216267,22.31447036,22.67985498,22.0529319,22.56831652,In
30/01/2026 22:20,22.47216267,22.21447036,22.67985498,21.9529319,22.56831652,In
30/01/2026 22:30,22.37216267,22.21447036,22.77985498,21.9529319,22.56831652,In
30/01/2026 22:40,22.47216267,22.21447036,22.77985498,21.9529319,22.56831652,In
30/01/2026 22:50,22.47216267,22.21447036,22.67985498,22.0529319,22.56831652,In
30/01/2026 23:00,22.37216267,22.31447036,22.77985498,22.0529319,22.56831652,In
30/01/2026 23:10,22.37216267,22.31447036,22.67985498,21.9529319,22.56831652,In
30/01/2026 23:20,22.37216267,22.21447036,22.67985498,22.0529319,22.56831652,In
30/01/2026 23:30,22.37216267,22.21447036,22.67985498,21.9529319,22.56831652,In
30/01/2026 23:40,22.37216267,22.31447036,22.77985498,21.9529319,22.56831652,In
30/01/2026 23:50,22.47216267,22.21447036,22.67985498,22.0529319,22.56831652,In
31/01/2026 00:00,22.37216267,22.21447036,22.67985498,22.0529319,22.56831652,In
31/01/2026 00:10,22.37216267,22.21447036,22.67985498,21.9529319,22.56831652,In
31/01/2026 00:20,22.37216267,22.21447036,22.67985498,22.0529319,22.56831652,In
31/01/2026 00:30,22.37216267,22.21447036,22.77985498,21.9529319,22.56831652,In
31/01/2026 00:40,22.37216267,22.21447036,22.67985498,22.0529319,22.46831652,In
31/01/2026 00:50,22.37216267,22.21447036,22.67985498,21.9529319,22.56831652,In
31/01/2026 01:00,22.37216267,22.21447036,22.67985498,21.9529319,22.56831652,In
31/01/2026 01:10,22.37216267,22.21447036,22.67985498,21.9529319,22.56831652,In
31/01/2026 01:20,22.47216267,22.21447036,22.67985498,22.0529319,22.56831652,In
31/01/2026 01:30,22.47216267,22.21447036,22.67985498,21.9529319,22.56831652,In
31/01/2026 01:40,22.47216267,22.21447036,22.67985498,22.0529319,22.56831652,In
31/01/2026 01:50,22.47216267,22.21447036,22.67985498,21.9529319,22.56831652,In
31/01/2026 02:00,22.37216267,22.21447036,22.67985498,21.9529319,22.56831652,In
31/01/2026 02:10,22.47216267,22.21447036,22.67985498,22.0529319,22.56831652,In
31/01/2026 02:20,22.37216267,22.21447036,22.67985498,21.9529319,22.66831652,In
31/01/2026 02:30,22.37216267,22.21447036,22.57985498,22.0529319,22.56831652,In
31/01/2026 02:40,22.47216267,22.21447036,22.67985498,22.0529319,22.56831652,In
31/01/2026 02:50,22.37216267,22.21447036,22.67985498,21.9529319,22.56831652,In
31/01/2026 03:00,22.37216267,22.21447036,22.67985498,21.9529319,22.56831652,In
31/01/2026 03:10,22.37216267,22.21447036,22.67985498,22.0529319,22.56831652,In
31/01/2026 03:20,22.37216267,22.31447036,22.77985498,21.9529319,22.56831652,In
31/01/2026 03:30,22.37216267,22.21447036,22.67985498,21.9529319,22.56831652,In
31/01/2026 03:40,22.37216267,22.21447036,22.67985498,21.9529319,22.56831652,In
31/01/2026 03:50,22.37216267,22.21447036,22.77985498,21.9529319,22.56831652,In
31/01/2026 04:00,22.37216267,22.21447036,22.67985498,21.9529319,22.56831652,In
31/01/2026 04:10,22.37216267,22.21447036,22.67985498,21.9529319,22.56831652,In
31/01/2026 04:20,22.37216267,22.21447036,22.67985498,21.9529319,22.56831652,In
31/01/2026 04:30,22.37216267,22.31447036,22.77985498,22.0529319,22.66831652,In
31/01/2026 04:40,22.37216267,22.21447036,22.67985498,22.0529319,22.56831652,In
31/01/2026 04:50,22.37216267,22.21447036,22.67985498,21.9529319,22.56831652,In
31/01/2026 05:00,22.37216267,22.21447036,22.67985498,22.0529319,22.56831652,In
31/01/2026 05:10,22.47216267,22.21447036,22.67985498,21.9529319,22.56831652,In
31/01/2026 05:20,22.37216267,22.31447036,22.67985498,22.0529319,22.56831652,In
31/01/2026 05:30,22.37216267,22.31447036,22.67985498,21.9529319,22.56831652,In
31/01/2026 05:40,22.37216267,22.21447036,22.67985498,22.0529319,22.56831652,In
31/01/2026 05:50,22.37216267,22.21447036,22.67985498,21.9529319,22.56831652,In
31/01/2026 06:00,22.37216267,22.21447036,22.67985498,22.0529319,22.56831652,In
31/01/2026 06:10,22.37216267,22.21447036,22.67985498,22.0529319,22.46831652,In
31/01/2026 06:20,22.27216267,22.21447036,22.67985498,21.9529319,22.56831652,In
31/01/2026 06:30,22.37216267,22.21447036,22.67985498,21.9529319,22.46831652,In
31/01/2026 06:40,22.37216267,22.21447036,22.67985498,21.9529319,22.56831652,In
31/01/2026 06:50,22.37216267,22.21447036,22.67985498,21.9529319,22.56831652,In
31/01/2026 07:00,22.37216267,22.21447036,22.67985498,22.0529319,22.56831652,In
31/01/2026 07:10,22.37216267,22.21447036,22.67985498,21.9529319,22.56831652,In
31/01/2026 07:20,22.37216267,22.11447036,22.67985498,22.0529319,22.56831652,In
31/01/2026 07:30,22.37216267,22.21447036,22.67985498,21.9529319,22.56831652,In
31/01/2026 07:40,22.37216267,22.11447036,22.57985498,21.9529319,22.56831652,In
31/01/2026 07:50,22.37216267,22.21447036,22.67985498,21.9529319,22.56831652,In
31/01/2026 08:00,22.37216267,22.21447036,22.67985498,22.0529319,22.56831652,In
31/01/2026 08:10,22.37216267,22.21447036,22.67985498,21.9529319,22.56831652,In
31/01/2026 08:20,22.37216267,22.21447036,22.67985498,21.9529319,22.56831652,In
31/01/2026 08:30,22.37216267,22.21447036,22.57985498,21.9529319,22.56831652,In
31/01/2026 08:40,22.37216267,22.21447036,22.57985498,21.9529319,22.46831652,In
31/01/2026 08:50,22.37216267,22.21447036,22.67985498,21.9529319,22.56831652,In
31/01/2026 09:00,22.37216267,22.21447036,22.67985498,22.0529319,22.46831652,In
31/01/2026 09:10,22.37216267,22.21447036,22.67985498,21.9529319,22.56831652,In
31/01/2026 09:20,22.37216267,22.21447036,22.67985498,21.9529319,22.56831652,In
31/01/2026 09:30,22.37216267,22.21447036,22.67985498,21.9529319,22.56831652,In
31/01/2026 09:40,22.37216267,22.11447036,22.67985498,21.9529319,22.56831652,In
31/01/2026 09:50,22.37216267,22.21447036,22.67985498,21.9529319,22.56831652,In
31/01/2026 10:00,22.37216267,22.21447036,22.67985498,21.9529319,22.56831652,In
31/01/2026 10:10,22.37216267,22.21447036,22.67985498,21.9529319,22.56831652,In
31/01/2026 10:20,22.37216267,22.11447036,22.67985498,22.0529319,22.56831652,In
31/01/2026 10:30,22.37216267,22.21447036,22.67985498,21.9529319,22.46831652,In
31/01/2026 10:40,22.37216267,22.21447036,22.67985498,21.9529319,22.56831652,In
31/01/2026 10:50,22.37216267,22.21447036,22.67985498,21.9529319,22.46831652,In
31/01/2026 11:00,22.37216267,22.11447036,22.67985498,22.0529319,22.56831652,In
31/01/2026 11:10,22.37216267,22.31447036,22.67985498,21.9529319,22.56831652,In
31/01/2026 11:20,22.37216267,22.21447036,22.67985498,21.9529319,22.56831652,In
31/01/2026 11:30,22.37216267,22.21447036,22.67985498,21.9529319,22.56831652,In
31/01/2026 11:40,22.37216267,22.21447036,22.67985498,21.9529319,22.46831652,In
31/01/2026 11:50,22.37216267,22.11447036,22.67985498,22.0529319,22.56831652,In
31/01/2026 12:00,22.37216267,22.21447036,22.67985498,21.9529319,22.56831652,In
31/01/2026 12:10,22.37216267,22.21447036,22.67985498,22.0529319,22.56831652,In
31/01/2026 12:20,22.37216267,22.21447036,22.67985498,21.9529319,22.56831652,In
31/01/2026 12:30,22.37216267,22.21447036,22.67985498,22.0529319,22.56831652,In
31/01/2026 12:40,22.37216267,22.21447036,22.67985498,22.0529319,22.56831652,In
31/01/2026 12:50,22.37216267,22.21447036,22.67985498,21.9529319,22.56831652,In
31/01/2026 13:00,22.37216267,22.31447036,22.67985498,21.9529319,22.46831652,In
31/01/2026 13:10,22.37216267,22.21447036,22.67985498,21.9529319,22.56831652,In
31/01/2026 13:20,22.37216267,22.31447036,22.67985498,21.9529319,22.56831652,In
31/01/2026 13:30,22.47216267,22.21447036,22.67985498,21.9529319,22.56831652,In
31/01/2026 13:40,22.37216267,22.31447036,22.67985498,22.0529319,22.66831652,In
31/01/2026 13:50,22.47216267,22.21447036,22.77985498,22.0529319,22.56831652,In
31/01/2026 14:00,22.37216267,22.31447036,22.67985498,22.0529319,22.56831652,In
31/01/2026 14:10,22.37216267,22.31447036,22.77985498,21.9529319,22.56831652,In
31/01/2026 14:20,22.37216267,22.21447036,22.67985498,22.0529319,22.66831652,In
31/01/2026 14:30,22.37216267,22.21447036,22.67985498,22.0529319,22.56831652,In
31/01/2026 14:40,22.37216267,22.31447036,22.67985498,22.0529319,22.56831652,In
31/01/2026 14:50,22.37216267,22.21447036,22.67985498,22.0529319,22.56831652,In
31/01/2026 15:00,22.37216267,22.21447036,22.67985498,22.0529319,22.56831652,In
31/01/2026 15:10,22.37216267,22.21447036,22.67985498,21.9529319,22.56831652,In
31/01/2026 15:20,22.37216267,22.21447036,22.77985498,22.0529319,22.56831652,In
31/01/2026 15:30,22.47216267,22.21447036,22.67985498,21.9529319,22.56831652,In
31/01/2026 15:40,22.37216267,22.21447036,22.67985498,22.0529319,22.56831652,In
31/01/2026 15:50,22.37216267,22.21447036,22.67985498,21.9529319,22.56831652,In
31/01/2026 16:00,22.47216267,22.21447036,22.67985498,21.9529319,22.56831652,In
31/01/2026 16:10,22.47216267,22.21447036,22.67985498,21.9529319,22.56831652,In
31/01/2026 16:20,22.37216267,22.31447036,22.67985498,22.0529319,22.56831652,In
31/01/2026 16:30,22.37216267,22.31447036,22.67985498,21.9529319,22.56831652,In
31/01/2026 16:40,22.37216267,22.21447036,22.67985498,21.9529319,22.56831652,In
31/01/2026 16:50,22.37216267,22.21447036,22.67985498,21.9529319,22.56831652,In
31/01/2026 17:00,22.37216267,22.21447036,22.77985498,21.9529319,22.56831652,In
31/01/2026 17:10,22.37216267,22.21447036,22.67985498,21.9529319,22.56831652,In
31/01/2026 17:20,22.37216267,22.31447036,22.77985498,21.9529319,22.56831652,In
31/01/2026 17:30,22.37216267,22.21447036,22.67985498,22.0529319,22.56831652,In
31/01/2026 17:40,22.37216267,22.21447036,22.67985498,21.9529319,22.56831652,In
31/01/2026 17:50,22.37216267,22.21447036,22.77985498,22.0529319,22.56831652,In
31/01/2026 18:00,22.37216267,22.21447036,22.67985498,22.0529319,22.56831652,In
31/01/2026 18:10,22.37216267,22.21447036,22.67985498,22.0529319,22.56831652,In
31/01/2026 18:20,22.37216267,22.31447036,22.67985498,21.9529319,22.56831652,In
31/01/2026 18:30,22.37216267,22.21447036,22.77985498,21.9529319,22.56831652,In
31/01/2026 18:40,22.37216267,22.21447036,22.67985498,22.0529319,22.56831652,In
31/01/2026 18:50,22.37216267,22.21447036,22.67985498,21.9529319,22.56831652,In
31/01/2026 19:00,22.37216267,22.21447036,22.67985498,22.0529319,22.56831652,In
31/01/2026 19:10,22.37216267,22.21447036,22.67985498,22.0529319,22.56831652,In
31/01/2026 19:20,22.37216267,22.21447036,22.67985498,21.9529319,22.56831652,In
31/01/2026 19:30,22.37216267,22.21447036,22.67985498,21.9529319,22.56831652,In
31/01/2026 19:40,22.47216267,22.21447036,22.67985498,21.9529319,22.56831652,In
31/01/2026 19:50,22.37216267,22.31447036,22.67985498,22.0529319,22.56831652,In
31/01/2026 20:00,22.37216267,22.21447036,22.77985498,22.0529319,22.56831652,In
31/01/2026 20:10,22.37216267,22.21447036,22.67985498,22.0529319,22.56831652,In
31/01/2026 20:20,22.47216267,22.21447036,22.67985498,21.9529319,22.56831652,In
31/01/2026 20:30,22.37216267,22.21447036,22.67985498,22.0529319,22.56831652,In
31/01/2026 20:40,22.37216267,22.31447036,22.67985498,22.0529319,22.56831652,In
31/01/2026 20:50,22.37216267,22.21447036,22.67985498,21.9529319,22.56831652,In
31/01/2026 21:00,22.37216267,22.21447036,22.67985498,21.9529319,22.56831652,In
31/01/2026 21:10,22.37216267,22.21447036,22.67985498,22.0529319,22.56831652,In
31/01/2026 21:20,22.37216267,22.21447036,22.67985498,21.9529319,22.56831652,In
31/01/2026 21:30,22.37216267,22.21447036,22.67985498,22.0529319,22.66831652,In
31/01/2026 21:40,22.37216267,22.21447036,22.67985498,21.9529319,22.56831652,In
31/01/2026 21:50,22.37216267,22.21447036,22.67985498,21.9529319,22.56831652,In
31/01/2026 22:00,22.37216267,22.21447036,22.67985498,22.0529319,22.56831652,In
31/01/2026 22:10,22.37216267,22.11447036,22.67985498,22.0529319,22.56831652,In
31/01/2026 22:20,22.47216267,22.31447036,22.67985498,21.9529319,22.56831652,In
31/01/2026 22:30,22.37216267,22.21447036,22.67985498,22.0529319,22.56831652,In
31/01/2026 22:40,22.37216267,22.21447036,22.67985498,22.0529319,22.56831652,In
31/01/2026 22:50,22.37216267,22.21447036,22.67985498,22.0529319,22.56831652,In
31/01/2026 23:00,22.47216267,22.21447036,22.77985498,21.9529319,22.56831652,In
31/01/2026 23:10,22.37216267,22.21447036,22.67985498,21.9529319,22.56831652,In
31/01/2026 23:20,22.37216267,22.21447036,22.67985498,21.9529319,22.56831652,In
31/01/2026 23:30,22.47216267,22.21447036,22.67985498,22.0529319,22.56831652,In
31/01/2026 23:40,22.37216267,22.31447036,22.67985498,22.0529319,22.56831652,In
31/01/2026 23:50,22.37216267,22.31447036,22.67985498,22.0529319,22.56831652,In
01/02/2026 00:00,22.37216267,22.11447036,22.67985498,21.9529319,22.56831652,In
01/02/2026 00:10,22.37216267,22.21447036,22.67985498,21.9529319,22.66831652,In
01/02/2026 00:20,22.37216267,22.21447036,22.67985498,22.0529319,22.56831652,In
01/02/2026 00:30,22.37216267,22.31447036,22.67985498,21.9529319,22.56831652,In
01/02/2026 00:40,22.37216267,22.31447036,22.67985498,22.0529319,22.56831652,In
01/02/2026 00:50,22.37216267,22.21447036,22.67985498,21.9529319,22.56831652,In
01/02/2026 01:00,22.37216267,22.31447036,22.77985498,21.9529319,22.56831652,In
01/02/2026 01:10,22.37216267,22.21447036,22.67985498,22.0529319,22.56831652,In
01/02/2026 01:20,22.37216267,22.21447036,22.77985498,21.9529319,22.56831652,In
01/02/2026 01:30,22.47216267,22.21447036,22.67985498,21.9529319,22.56831652,In
01/02/2026 01:40,22.47216267,22.21447036,22.67985498,21.9529319,22.56831652,In
01/02/2026 01:50,22.37216267,22.21447036,22.67985498,21.9529319,22.56831652,In
01/02/2026 02:00,22.37216267,22.21447036,22.67985498,21.9529319,22.56831652,In
01/02/2026 02:10,22.47216267,22.21447036,22.67985498,22.0529319,22.56831652,In
01/02/2026 02:20,22.37216267,22.21447036,22.67985498,22.0529319,22.56831652,In
01/02/2026 02:30,22.47216267,22.21447036,22.67985498,22.0529319,22.56831652,In
01/02/2026 02:40,22.37216267,22.21447036,22.67985498,21.9529319,22.66831652,In
01/02/2026 02:50,22.37216267,22.21447036,22.67985498,22.0529319,22.56831652,In
01/02/2026 03:00,22.37216267,22.21447036,22.67985498,21.9529319,22.56831652,In
01/02/2026 03:10,22.37216267,22.21447036,22.67985498,22.0529319,22.56831652,In
01/02/2026 03:20,22.37216267,22.31447036,22.67985498,21.9529319,22.56831652,In
01/02/2026 03:30,22.37216267,22.21447036,22.67985498,21.9529319,22.56831652,In
01/02/2026 03:40,22.37216267,22.21447036,22.67985498,21.9529319,22.56831652,In
01/02/2026 03:50,22.37216267,22.21447036,22.67985498,21.9529319,22.46831652,In
01/02/2026 04:00,22.37216267,22.21447036,22.67985498,21.9529319,22.56831652,In
01/02/2026 04:10,22.37216267,22.21447036,22.67985498,21.9529319,22.56831652,In
01/02/2026 04:20,22.47216267,22.21447036,22.67985498,22.0529319,22.56831652,In
01/02/2026 04:30,22.37216267,22.21447036,22.67985498,21.9529319,22.56831652,In
01/02/2026 04:40,22.37216267,22.21447036,22.67985498,21.9529319,22.56831652,In
01/02/2026 04:50,22.37216267,22.31447036,22.67985498,21.9529319,22.56831652,In
01/02/2026 05:00,22.37216267,22.11447036,22.67985498,21.9529319,22.56831652,In
01/02/2026 05:10,22.37216267,22.21447036,22.77985498,22.0529319,22.56831652,In
01/02/2026 05:20,22.37216267,22.21447036,22.67985498,21.9529319,22.56831652,In
01/02/2026 05:30,22.37216267,22.21447036,22.67985498,21.9529319,22.56831652,In
01/02/2026 05:40,22.37216267,22.21447036,22.67985498,22.0529319,22.56831652,In
01/02/2026 05:50,22.37216267,22.21447036,22.57985498,21.9529319,22.56831652,In
01/02/2026 06:00,22.37216267,22.21447036,22.67985498,22.0529319,22.56831652,In
01/02/2026 06:10,22.37216267,22.21447036,22.77985498,21.9529319,22.56831652,In
01/02/2026 06:20,22.37216267,22.21447036,22.57985498,21.9529319,22.56831652,In
01/02/2026 06:30,22.37216267,22.21447036,22.67985498,21.9529319,22.56831652,In
01/02/2026 06:40,22.37216267,22.21447036,22.67985498,21.9529319,22.56831652,In
01/02/2026 06:50,22.37216267,22.21447036,22.67985498,22.0529319,22.56831652,In
01/02/2026 07:00,22.37216267,22.21447036,22.67985498,21.9529319,22.56831652,In
01/02/2026 07:10,22.37216267,22.21447036,22.57985498,21.9529319,22.56831652,In
01/02/2026 07:20,22.37216267,22.21447036,22.67985498,21.9529319,22.56831652,In
01/02/2026 07:30,22.37216267,22.21447036,22.67985498,21.9529319,22.56831652,In
01/02/2026 07:40,22.37216267,22.21447036,22.67985498,21.9529319,22.56831652,In
01/02/2026 07:50,22.27216267,22.21447036,22.67985498,21.9529319,22.56831652,In
01/02/2026 08:00,22.37216267,22.31447036,22.67985498,21.9529319,22.56831652,In
01/02/2026 08:10,22.37216267,22.21447036,22.67985498,21.9529319,22.56831652,In
01/02/2026 08:20,22.37216267,22.31447036,22.67985498,21.9529319,22.56831652,In
01/02/2026 08:30,22.37216267,22.31447036,22.67985498,21.9529319,22.56831652,In
01/02/2026 08:40,22.37216267,22.31447036,22.77985498,22.0529319,22.56831652,In
01/02/2026 08:50,22.37216267,22.21447036,22.67985498,21.9529319,22.56831652,In
01/02/2026 09:00,22.37216267,22.21447036,22.67985498,22.0529319,22.56831652,In
01/02/2026 09:10,22.37216267,22.21447036,22.67985498,21.9529319,22.46831652,In
01/02/2026 09:20,22.37216267,22.21447036,22.67985498,21.9529319,22.56831652,In
01/02/2026 09:30,22.37216267,22.21447036,22.67985498,22.0529319,22.56831652,In
01/02/2026 09:40,22.37216267,22.21447036,22.67985498,21.9529319,22.56831652,In
