ISO 8601 Time,Speed (cm/s),Heading (degrees),Velocity-N (cm/s),Velocity-E (cm/s)
2026-01-25T14:20:00.000,6.94,192.34,-6.78,-1.48
2026-01-25T14:30:00.000,6.54,207.76,-5.79,-3.05
2026-01-25T14:40:00.000,4.95,215.66,-4.02,-2.89
2026-01-25T14:50:00.000,5.8,217.53,-4.6,-3.53
2026-01-25T15:00:00.000,5.92,226.37,-4.08,-4.28
2026-01-25T15:10:00.000,5.04,225.27,-3.55,-3.58
2026-01-25T15:20:00.000,5.29,227.29,-3.59,-3.89
2026-01-25T15:30:00.000,7.03,237.78,-3.75,-5.95
2026-01-25T15:40:00.000,10.47,222.31,-7.74,-7.05
2026-01-25T15:50:00.000,9.81,223.27,-7.14,-6.72
2026-01-25T16:00:00.000,9.4,232.02,-5.78,-7.41
2026-01-25T16:10:00.000,9.35,229.7,-6.05,-7.13
2026-01-25T16:20:00.000,5.8,227.58,-3.91,-4.28
2026-01-25T16:30:00.000,4.96,209.76,-4.3,-2.46
2026-01-25T16:40:00.000,2.37,124.01,-1.33,1.97
2026-01-25T16:50:00.000,4.07,106.98,-1.19,3.89
2026-01-25T17:00:00.000,5.12,94.49,-0.4,5.1
2026-01-25T17:10:00.000,4.11,90.05,0,4.11
2026-01-25T17:20:00.000,3.74,103.83,-0.89,3.63
2026-01-25T17:30:00.000,5.03,133.23,-3.44,3.66
2026-01-25T17:40:00.000,5.54,153.18,-4.95,2.5
2026-01-25T17:50:00.000,4.04,139.47,-3.07,2.62
2026-01-25T18:00:00.000,4.05,128.83,-2.54,3.16
2026-01-25T18:10:00.000,1.13,27.84,1,0.53
2026-01-25T18:20:00.000,0.29,199.21,-0.27,-0.1
2026-01-25T18:30:00.000,0.59,22.11,0.54,0.22
2026-01-25T18:40:00.000,3.7,357.7,3.7,-0.15
2026-01-25T18:50:00.000,2.46,3.92,2.45,0.17
2026-01-25T19:00:00.000,1.88,28.7,1.65,0.9
2026-01-25T19:10:00.000,1.94,65.28,0.81,1.76
2026-01-25T19:20:00.000,0.98,39.14,0.76,0.62
2026-01-25T19:30:00.000,1.05,48.73,0.69,0.79
2026-01-25T19:40:00.000,2.38,30.33,2.05,1.2
2026-01-25T19:50:00.000,1.68,81.09,0.26,1.66
2026-01-25T20:00:00.000,0.97,76.15,0.23,0.94
2026-01-25T20:10:00.000,2.29,78.7,0.45,2.25
2026-01-25T20:20:00.000,2.66,61.52,1.27,2.34
2026-01-25T20:30:00.000,1.51,28.21,1.33,0.72
2026-01-25T20:40:00.000,4.62,24.3,4.21,1.9
2026-01-25T20:50:00.000,3.84,14.92,3.71,0.99
2026-01-25T21:00:00.000,2.01,329.6,1.73,-1.01
2026-01-25T21:10:00.000,2.96,353.62,2.94,-0.33
2026-01-25T21:20:00.000,3.27,329.57,2.82,-1.66
2026-01-25T21:30:00.000,2.75,303.48,1.52,-2.3
2026-01-25T21:40:00.000,1.3,316.23,0.94,-0.9
2026-01-25T21:50:00.000,2.88,291.96,1.08,-2.67
2026-01-25T22:00:00.000,0.42,316.29,0.3,-0.29
2026-01-25T22:10:00.000,1.68,357.16,1.68,-0.08
2026-01-25T22:20:00.000,1,21.57,0.93,0.37
2026-01-25T22:30:00.000,3.23,33.88,2.68,1.8
2026-01-25T22:40:00.000,2.6,30.8,2.24,1.33
2026-01-25T22:50:00.000,3.16,47.63,2.13,2.33
2026-01-25T23:00:00.000,3.84,54.49,2.23,3.12
2026-01-25T23:10:00.000,3.94,53.57,2.34,3.17
2026-01-25T23:20:00.000,4.01,73.5,1.14,3.85
2026-01-25T23:30:00.000,5.95,46.64,4.09,4.33
2026-01-25T23:40:00.000,7.52,29.15,6.57,3.66
2026-01-25T23:50:00.000,8.51,34.95,6.98,4.87
2026-01-26T00:00:00.000,11.91,30,10.31,5.96
2026-01-26T00:10:00.000,12.28,28.55,10.79,5.87
2026-01-26T00:20:00.000,11.53,23.94,10.54,4.68
2026-01-26T00:30:00.000,7.65,28.47,6.72,3.65
2026-01-26T00:40:00.000,8.23,29.85,7.14,4.09
2026-01-26T00:50:00.000,8.02,28.24,7.06,3.79
2026-01-26T01:00:00.000,8.23,28.56,7.23,3.93
2026-01-26T01:10:00.000,7.74,23.15,7.12,3.05
2026-01-26T01:20:00.000,7.94,34.03,6.58,4.44
2026-01-26T01:30:00.000,5.5,6.58,5.47,0.63
2026-01-26T01:40:00.000,8.47,34.78,6.96,4.83
2026-01-26T01:50:00.000,6.16,21.69,5.72,2.28
2026-01-26T02:00:00.000,3.75,26.15,3.37,1.65
2026-01-26T02:10:00.000,2.63,27.68,2.33,1.22
2026-01-26T02:20:00.000,4.38,67.33,1.69,4.04
2026-01-26T02:30:00.000,2.53,119.65,-1.25,2.2
2026-01-26T02:40:00.000,2.08,92.7,-0.1,2.08
2026-01-26T02:50:00.000,2.4,139.85,-1.83,1.55
2026-01-26T03:00:00.000,4.43,65.6,1.83,4.03
2026-01-26T03:10:00.000,4.26,81.94,0.6,4.22
2026-01-26T03:20:00.000,0.63,52.26,0.39,0.5
2026-01-26T03:30:00.000,0.43,82.64,0.06,0.43
2026-01-26T03:40:00.000,2.54,207.4,-2.25,-1.17
2026-01-26T03:50:00.000,4.54,192.21,-4.44,-0.96
2026-01-26T04:00:00.000,4.26,200.9,-3.98,-1.52
2026-01-26T04:10:00.000,5.08,204.11,-4.64,-2.08
2026-01-26T04:20:00.000,4.37,207.35,-3.88,-2.01
2026-01-26T04:30:00.000,7.35,211.87,-6.25,-3.88
2026-01-26T04:40:00.000,8.64,204.11,-7.89,-3.53
2026-01-26T04:50:00.000,8.3,204.62,-7.55,-3.46
2026-01-26T05:00:00.000,8.86,188.15,-8.77,-1.26
2026-01-26T05:10:00.000,13.1,190.89,-12.86,-2.47
2026-01-26T05:20:00.000,9.94,189.5,-9.8,-1.64
2026-01-26T05:30:00.000,12.33,180.19,-12.33,-0.04
2026-01-26T05:40:00.000,10.01,184.84,-9.97,-0.84
2026-01-26T05:50:00.000,12.02,188.01,-11.9,-1.67
2026-01-26T06:00:00.000,10.84,183.1,-10.83,-0.59
2026-01-26T06:10:00.000,9.27,170.94,-9.16,1.46
2026-01-26T06:20:00.000,6.42,162.48,-6.13,1.93
2026-01-26T06:30:00.000,5.9,143.85,-4.77,3.48
2026-01-26T06:40:00.000,3.91,155.83,-3.57,1.6
2026-01-26T06:50:00.000,4.25,143.21,-3.4,2.55
2026-01-26T07:00:00.000,5.16,134.12,-3.59,3.7
2026-01-26T07:10:00.000,4.83,115.82,-2.1,4.34
2026-01-26T07:20:00.000,7.02,109.5,-2.34,6.61
2026-01-26T07:30:00.000,4.19,117.48,-1.93,3.71
2026-01-26T07:40:00.000,5.03,94.3,-0.38,5.02
2026-01-26T07:50:00.000,5.35,96.54,-0.61,5.32
2026-01-26T08:00:00.000,7.27,91.81,-0.23,7.27
2026-01-26T08:10:00.000,7.11,82.38,0.94,7.05
2026-01-26T08:20:00.000,5.78,69.31,2.04,5.41
2026-01-26T08:30:00.000,6.21,74.92,1.62,6
2026-01-26T08:40:00.000,6.24,50.43,3.97,4.81
2026-01-26T08:50:00.000,2.63,343.28,2.52,-0.76
2026-01-26T09:00:00.000,6.37,81.37,0.96,6.3
2026-01-26T09:10:00.000,13.15,95.24,-1.2,13.09
2026-01-26T09:20:00.000,12.67,99.69,-2.13,12.49
2026-01-26T09:30:00.000,12.39,106.93,-3.61,11.85
2026-01-26T09:40:00.000,12.96,105.17,-3.39,12.51
2026-01-26T09:50:00.000,12.31,92.79,-0.6,12.29
2026-01-26T10:00:00.000,13.46,92.51,-0.59,13.45
2026-01-26T10:10:00.000,12.55,94.54,-0.99,12.51
2026-01-26T10:20:00.000,14.47,94.79,-1.21,14.42
2026-01-26T10:30:00.000,17.73,99.11,-2.81,17.5
2026-01-26T10:40:00.000,21,102.41,-4.51,20.51
2026-01-26T10:50:00.000,13.37,95.55,-1.29,13.3
2026-01-26T11:00:00.000,12.79,104.38,-3.17,12.38
2026-01-26T11:10:00.000,10.78,92.06,-0.39,10.77
2026-01-26T11:20:00.000,9.8,97.99,-1.36,9.71
2026-01-26T11:30:00.000,8.31,79.14,1.57,8.17
2026-01-26T11:40:00.000,10.45,104.93,-2.69,10.1
2026-01-26T11:50:00.000,8.48,104.01,-2.05,8.23
2026-01-26T12:00:00.000,7.37,110.86,-2.62,6.88
2026-01-26T12:10:00.000,4.81,102.26,-1.02,4.7
2026-01-26T12:20:00.000,5.32,86.08,0.36,5.3
2026-01-26T12:30:00.000,5.57,88.9,0.11,5.57
2026-01-26T12:40:00.000,4.96,76.02,1.2,4.81
2026-01-26T12:50:00.000,5.95,67.88,2.24,5.51
2026-01-26T13:00:00.000,6.99,61.47,3.34,6.14
2026-01-26T13:10:00.000,12.69,42.86,9.3,8.63
2026-01-26T13:20:00.000,10.95,17.41,10.45,3.28
2026-01-26T13:30:00.000,10.28,48.21,6.85,7.67
2026-01-26T13:40:00.000,12.13,16.82,11.62,3.51
2026-01-26T13:50:00.000,9.19,27.38,8.16,4.22
2026-01-26T14:00:00.000,10.33,9.17,10.2,1.65
2026-01-26T14:10:00.000,11.63,22.25,10.77,4.4
2026-01-26T14:20:00.000,12.11,27.83,10.71,5.65
2026-01-26T14:30:00.000,10.51,20.2,9.86,3.63
2026-01-26T14:40:00.000,9.08,16.92,8.69,2.64
2026-01-26T14:50:00.000,9.79,20.1,9.19,3.36
2026-01-26T15:00:00.000,9.97,20.97,9.31,3.57
2026-01-26T15:10:00.000,8.29,5.69,8.25,0.82
2026-01-26T15:20:00.000,5.49,323.16,4.39,-3.29
2026-01-26T15:30:00.000,5.68,325.69,4.69,-3.2
2026-01-26T15:40:00.000,6.18,332.13,5.46,-2.89
2026-01-26T15:50:00.000,6.25,321.57,4.9,-3.89
2026-01-26T16:00:00.000,6.08,326.28,5.05,-3.37
2026-01-26T16:10:00.000,6.21,318.38,4.64,-4.13
2026-01-26T16:20:00.000,6.01,320.62,4.64,-3.81
2026-01-26T16:30:00.000,6.1,307.93,3.75,-4.81
2026-01-26T16:40:00.000,6.69,298.33,3.17,-5.89
2026-01-26T16:50:00.000,7.95,288.38,2.51,-7.55
2026-01-26T17:00:00.000,8.89,286.46,2.52,-8.53
2026-01-26T17:10:00.000,9.92,288.7,3.18,-9.39
2026-01-26T17:20:00.000,10.68,291.32,3.88,-9.95
2026-01-26T17:30:00.000,11.16,294.18,4.57,-10.18
2026-01-26T17:40:00.000,11.27,295.87,4.92,-10.14
2026-01-26T17:50:00.000,11.31,297.38,5.2,-10.04
2026-01-26T18:00:00.000,11.57,301.7,6.08,-9.85
2026-01-26T18:10:00.000,11.95,317.24,8.78,-8.12
2026-01-26T18:20:00.000,11.97,319.95,9.17,-7.7
2026-01-26T18:30:00.000,11.61,339.01,10.84,-4.16
2026-01-26T18:40:00.000,4.07,212.62,-3.43,-2.19
2026-01-26T18:50:00.000,6.47,210.96,-5.55,-3.33
2026-01-26T19:00:00.000,6,210.52,-5.17,-3.05
2026-01-26T19:10:00.000,10.06,221.41,-7.54,-6.65
2026-01-26T19:20:00.000,8.69,209.23,-7.59,-4.24
2026-01-26T19:30:00.000,4.86,225,-3.44,-3.44
2026-01-26T19:40:00.000,10.3,201.9,-9.55,-3.84
2026-01-26T19:50:00.000,6.48,195.34,-6.25,-1.72
2026-01-26T20:00:00.000,8.89,204.16,-8.11,-3.64
2026-01-26T20:10:00.000,4.47,204.04,-4.08,-1.82
2026-01-26T20:20:00.000,5.89,195.16,-5.68,-1.54
2026-01-26T20:30:00.000,6.85,195.51,-6.6,-1.83
2026-01-26T20:40:00.000,5.32,196.58,-5.1,-1.52
2026-01-26T20:50:00.000,6.36,192.11,-6.22,-1.34
2026-01-26T21:00:00.000,4.7,187.21,-4.66,-0.59
2026-01-26T21:10:00.000,5.01,176.06,-5,0.34
2026-01-26T21:20:00.000,5.22,165.19,-5.05,1.33
2026-01-26T21:30:00.000,5.32,164.16,-5.12,1.45
2026-01-26T21:40:00.000,4.38,164.82,-4.22,1.15
2026-01-26T21:50:00.000,4.86,151.2,-4.26,2.34
2026-01-26T22:00:00.000,4.32,147.36,-3.64,2.33
2026-01-26T22:10:00.000,3.26,117.49,-1.5,2.89
2026-01-26T22:20:00.000,3.59,107.56,-1.08,3.42
2026-01-26T22:30:00.000,3.82,88.87,0.08,3.82
2026-01-26T22:40:00.000,4.39,82.35,0.58,4.35
2026-01-26T22:50:00.000,4.81,78.21,0.98,4.71
2026-01-26T23:00:00.000,6.42,71.74,2.01,6.1
2026-01-26T23:10:00.000,6,65.67,2.47,5.47
2026-01-26T23:20:00.000,7.37,63.34,3.31,6.58
2026-01-26T23:30:00.000,7.41,60.71,3.63,6.46
2026-01-26T23:40:00.000,8.48,59.61,4.29,7.32
2026-01-26T23:50:00.000,7.65,55.44,4.34,6.3
2026-01-27T00:00:00.000,7.73,53.57,4.59,6.22
2026-01-27T00:10:00.000,7.78,47.44,5.26,5.73
2026-01-27T00:20:00.000,8.01,47.03,5.46,5.86
2026-01-27T00:30:00.000,7.87,45.91,5.48,5.66
2026-01-27T00:40:00.000,8,47.72,5.38,5.92
2026-01-27T00:50:00.000,7.58,44.01,5.45,5.27
2026-01-27T01:00:00.000,7.8,30.17,6.75,3.92
2026-01-27T01:10:00.000,6.07,31.46,5.17,3.17
2026-01-27T01:20:00.000,7.57,47.33,5.13,5.57
2026-01-27T01:30:00.000,9.23,25.44,8.34,3.97
2026-01-27T01:40:00.000,8.7,27.03,7.75,3.95
2026-01-27T01:50:00.000,6.09,23.73,5.57,2.45
2026-01-27T02:00:00.000,5.76,33.06,4.83,3.14
2026-01-27T02:10:00.000,4.62,35.95,3.74,2.71
2026-01-27T02:20:00.000,3.97,32.78,3.34,2.15
2026-01-27T02:30:00.000,3.84,9.64,3.78,0.64
2026-01-27T02:40:00.000,2.93,3.38,2.93,0.17
2026-01-27T02:50:00.000,2.15,337.29,1.98,-0.83
2026-01-27T03:00:00.000,1.21,348.42,1.18,-0.24
2026-01-27T03:10:00.000,0.05,35.92,0.04,0.03
2026-01-27T03:20:00.000,1.42,265.93,-0.1,-1.42
2026-01-27T03:30:00.000,1.99,260.24,-0.34,-1.96
2026-01-27T03:40:00.000,2.85,247.67,-1.08,-2.64
2026-01-27T03:50:00.000,1.64,236.03,-0.92,-1.36
2026-01-27T04:00:00.000,6.19,217.7,-4.89,-3.78
2026-01-27T04:10:00.000,3.69,208.38,-3.24,-1.75
2026-01-27T04:20:00.000,6.67,221.2,-5.02,-4.39
2026-01-27T04:30:00.000,6.04,215.66,-4.9,-3.52
2026-01-27T04:40:00.000,6.34,215.94,-5.14,-3.72
2026-01-27T04:50:00.000,9.06,214.95,-7.43,-5.19
2026-01-27T05:00:00.000,8.87,206.61,-7.93,-3.97
2026-01-27T05:10:00.000,9.98,208.06,-8.81,-4.69
2026-01-27T05:20:00.000,9.51,209.6,-8.27,-4.7
2026-01-27T05:30:00.000,8.3,217.7,-6.57,-5.08
2026-01-27T05:40:00.000,9.53,216.17,-7.7,-5.63
2026-01-27T05:50:00.000,8.26,220.21,-6.31,-5.34
2026-01-27T06:00:00.000,10.31,225.02,-7.29,-7.29
2026-01-27T06:10:00.000,10.03,223.04,-7.33,-6.84
2026-01-27T06:20:00.000,9.01,223.79,-6.51,-6.24
2026-01-27T06:30:00.000,7.1,221.6,-5.31,-4.71
2026-01-27T06:40:00.000,8.72,222.99,-6.38,-5.94
2026-01-27T06:50:00.000,7.3,232.93,-4.4,-5.83
2026-01-27T07:00:00.000,6.87,217.07,-5.48,-4.14
2026-01-27T07:10:00.000,6.13,219.18,-4.75,-3.87
2026-01-27T07:20:00.000,7.53,219.15,-5.84,-4.75
2026-01-27T07:30:00.000,3.12,229.95,-2,-2.39
2026-01-27T07:40:00.000,3.46,267.25,-0.17,-3.45
2026-01-27T07:50:00.000,2.57,222.06,-1.91,-1.72
2026-01-27T08:00:00.000,2.93,180.95,-2.93,-0.05
2026-01-27T08:10:00.000,2.7,172.23,-2.67,0.37
2026-01-27T08:20:00.000,3.23,167.61,-3.15,0.69
2026-01-27T08:30:00.000,4.04,157.26,-3.72,1.56
2026-01-27T08:40:00.000,4.22,151.75,-3.71,2
2026-01-27T08:50:00.000,3.44,126.96,-2.07,2.75
2026-01-27T09:00:00.000,3.69,106.32,-1.04,3.54
2026-01-27T09:10:00.000,6,110.77,-2.13,5.61
2026-01-27T09:20:00.000,4.9,112.47,-1.87,4.53
2026-01-27T09:30:00.000,4.23,98.53,-0.63,4.18
2026-01-27T09:40:00.000,5.42,110.97,-1.94,5.06
2026-01-27T09:50:00.000,5.86,94.41,-0.45,5.84
2026-01-27T10:00:00.000,6.82,104.78,-1.74,6.59
2026-01-27T10:10:00.000,8.7,107.86,-2.67,8.28
2026-01-27T10:20:00.000,6.13,112.89,-2.38,5.64
2026-01-27T10:30:00.000,8.67,111.12,-3.13,8.09
2026-01-27T10:40:00.000,6.61,93.62,-0.42,6.6
2026-01-27T10:50:00.000,11.23,97.64,-1.49,11.13
2026-01-27T11:00:00.000,11.44,96.15,-1.23,11.37
2026-01-27T11:10:00.000,11.87,98.87,-1.83,11.73
2026-01-27T11:20:00.000,10.95,96.97,-1.33,10.87
2026-01-27T11:30:00.000,10.44,91.36,-0.25,10.43
2026-01-27T11:40:00.000,12.05,86.74,0.69,12.03
2026-01-27T11:50:00.000,10.86,88.78,0.23,10.85
2026-01-27T12:00:00.000,9.95,93.34,-0.58,9.93
2026-01-27T12:10:00.000,8.66,92.11,-0.32,8.65
2026-01-27T12:20:00.000,7.7,81.05,1.2,7.6
2026-01-27T12:30:00.000,8.06,87.15,0.4,8.05
2026-01-27T12:40:00.000,7.47,75.45,1.88,7.23
2026-01-27T12:50:00.000,8.3,68.55,3.03,7.72
2026-01-27T13:00:00.000,9.23,65.42,3.84,8.39
2026-01-27T13:10:00.000,10.01,60.43,4.94,8.7
2026-01-27T13:20:00.000,9.43,61.9,4.44,8.32
2026-01-27T13:30:00.000,10.05,46.31,6.94,7.27
2026-01-27T13:40:00.000,7.71,50.86,4.86,5.98
2026-01-27T13:50:00.000,7.94,32.66,6.68,4.28
2026-01-27T14:00:00.000,9.27,31.16,7.93,4.8
2026-01-27T14:10:00.000,5.48,49.06,3.59,4.14
2026-01-27T14:20:00.000,5.31,30.18,4.59,2.67
2026-01-27T14:30:00.000,6.55,45.08,4.63,4.64
2026-01-27T14:40:00.000,3.66,35.56,2.98,2.13
2026-01-27T14:50:00.000,3.83,47.29,2.6,2.81
2026-01-27T15:00:00.000,3.81,47.36,2.58,2.8
2026-01-27T15:10:00.000,3.53,64.99,1.49,3.2
2026-01-27T15:20:00.000,2.1,51.26,1.31,1.64
2026-01-27T15:30:00.000,0.26,54.4,0.15,0.21
2026-01-27T15:40:00.000,0.23,8.72,0.23,0.04
2026-01-27T15:50:00.000,0.19,185.69,-0.19,-0.02
2026-01-27T16:00:00.000,2.8,193.33,-2.72,-0.64
2026-01-27T16:10:00.000,3.05,211.19,-2.61,-1.58
2026-01-27T16:20:00.000,4.99,202.18,-4.62,-1.88
2026-01-27T16:30:00.000,7.43,197.64,-7.08,-2.25
2026-01-27T16:40:00.000,9.93,183.97,-9.91,-0.69
2026-01-27T16:50:00.000,8.15,187.18,-8.09,-1.02
2026-01-27T17:00:00.000,6.42,204.83,-5.82,-2.69
2026-01-27T17:10:00.000,14.44,192.35,-14.11,-3.09
2026-01-27T17:20:00.000,11.81,203.81,-10.81,-4.77
2026-01-27T17:30:00.000,11.42,198.64,-10.82,-3.65
2026-01-27T17:40:00.000,11.78,197.27,-11.25,-3.5
2026-01-27T17:50:00.000,7.89,206.67,-7.05,-3.54
2026-01-27T18:00:00.000,5.42,227.4,-3.67,-3.99
2026-01-27T18:10:00.000,8.93,215.74,-7.25,-5.22
2026-01-27T18:20:00.000,8.67,235.51,-4.91,-7.15
2026-01-27T18:30:00.000,9.35,237.55,-5.02,-7.89
2026-01-27T18:40:00.000,8.96,244.32,-3.88,-8.07
2026-01-27T18:50:00.000,7.52,229.88,-4.84,-5.75
2026-01-27T19:00:00.000,7.99,244.97,-3.38,-7.24
2026-01-27T19:10:00.000,3.42,254.48,-0.92,-3.3
2026-01-27T19:20:00.000,1.94,259.97,-0.34,-1.91
2026-01-27T19:30:00.000,2.61,257.97,-0.54,-2.55
2026-01-27T19:40:00.000,3.58,301.9,1.89,-3.04
2026-01-27T19:50:00.000,3.1,307.33,1.88,-2.47
2026-01-27T20:00:00.000,3.91,292.07,1.47,-3.62
2026-01-27T20:10:00.000,2.66,297.21,1.22,-2.36
2026-01-27T20:20:00.000,2.08,299.51,1.02,-1.81
2026-01-27T20:30:00.000,3.46,286.04,0.95,-3.32
2026-01-27T20:40:00.000,2.64,307.83,1.62,-2.09
2026-01-27T20:50:00.000,2.66,277.68,0.35,-2.63
2026-01-27T21:00:00.000,2.25,251.96,-0.7,-2.14
2026-01-27T21:10:00.000,0.5,225.51,-0.35,-0.35
2026-01-27T21:20:00.000,1.77,259.78,-0.31,-1.75
2026-01-27T21:30:00.000,0.63,206.83,-0.56,-0.29
2026-01-27T21:40:00.000,2.09,205.59,-1.88,-0.9
2026-01-27T21:50:00.000,2.64,172.79,-2.61,0.33
2026-01-27T22:00:00.000,2.69,149.24,-2.31,1.37
2026-01-27T22:10:00.000,2.14,100.57,-0.39,2.1
2026-01-27T22:20:00.000,3.94,88.78,0.08,3.94
2026-01-27T22:30:00.000,3.22,107.12,-0.95,3.08
2026-01-27T22:40:00.000,1.11,121.7,-0.58,0.95
2026-01-27T22:50:00.000,3.57,97.46,-0.46,3.54
2026-01-27T23:00:00.000,3.85,42.85,2.82,2.62
2026-01-27T23:10:00.000,4.74,43.86,3.42,3.28
2026-01-27T23:20:00.000,4.02,36.15,3.25,2.37
2026-01-27T23:30:00.000,6.42,30.73,5.52,3.28
2026-01-27T23:40:00.000,9.08,13.57,8.83,2.13
2026-01-27T23:50:00.000,8.33,22.13,7.71,3.14
2026-01-28T00:00:00.000,4.6,353.74,4.57,-0.5
2026-01-28T00:10:00.000,3.63,355.04,3.61,-0.31
2026-01-28T00:20:00.000,5.84,64.92,2.48,5.29
2026-01-28T00:30:00.000,4.14,51.27,2.59,3.23
2026-01-28T00:40:00.000,8.62,64,3.78,7.75
2026-01-28T00:50:00.000,5.3,50.83,3.35,4.11
2026-01-28T01:00:00.000,2.22,73.94,0.62,2.14
2026-01-28T01:10:00.000,0.05,200.25,-0.04,-0.02
2026-01-28T01:20:00.000,1.9,153.43,-1.7,0.85
2026-01-28T01:30:00.000,2.13,104.8,-0.54,2.06
2026-01-28T01:40:00.000,3.53,109.53,-1.18,3.33
2026-01-28T01:50:00.000,7.5,104,-1.81,7.27
2026-01-28T02:00:00.000,4.54,131.2,-2.99,3.42
2026-01-28T02:10:00.000,2.33,115.72,-1.01,2.1
2026-01-28T02:20:00.000,2.48,157.75,-2.3,0.94
2026-01-28T02:30:00.000,3.16,181.86,-3.16,-0.1
2026-01-28T02:40:00.000,5.26,158.29,-4.88,1.94
2026-01-28T02:50:00.000,4.8,152.44,-4.25,2.22
2026-01-28T03:00:00.000,5.37,176.98,-5.37,0.28
2026-01-28T03:10:00.000,3.74,182.4,-3.73,-0.16
2026-01-28T03:20:00.000,8.47,166.18,-8.23,2.02
2026-01-28T03:30:00.000,9.79,162.81,-9.36,2.89
2026-01-28T03:40:00.000,13.2,157.28,-12.17,5.1
2026-01-28T03:50:00.000,8.47,178.08,-8.46,0.28
2026-01-28T04:00:00.000,7.77,206.37,-6.96,-3.45
2026-01-28T04:10:00.000,17.33,168.8,-17,3.37
2026-01-28T04:20:00.000,15.19,193.65,-14.77,-3.58
2026-01-28T04:30:00.000,11.42,178.29,-11.41,0.34
2026-01-28T04:40:00.000,10.22,197.62,-9.74,-3.09
2026-01-28T04:50:00.000,8.51,153.9,-7.65,3.75
2026-01-28T05:00:00.000,9.87,181.84,-9.87,-0.32
2026-01-28T05:10:00.000,5.79,150.14,-5.02,2.88
2026-01-28T05:20:00.000,7.34,151.36,-6.44,3.52
2026-01-28T05:30:00.000,2.98,121.08,-1.54,2.55
2026-01-28T05:40:00.000,8.57,172.51,-8.5,1.12
2026-01-28T05:50:00.000,9.37,165.13,-9.06,2.4
2026-01-28T06:00:00.000,6.84,184.95,-6.82,-0.59
2026-01-28T06:10:00.000,10.22,192.42,-9.98,-2.2
2026-01-28T06:20:00.000,13.36,194.75,-12.92,-3.4
2026-01-28T06:30:00.000,9.42,243.39,-4.22,-8.42
2026-01-28T06:40:00.000,3.16,196.46,-3.03,-0.9
2026-01-28T06:50:00.000,10.16,213.34,-8.49,-5.58
2026-01-28T07:00:00.000,9.36,198.73,-8.86,-3.01
2026-01-28T07:10:00.000,10.61,201.5,-9.88,-3.89
2026-01-28T07:20:00.000,4.26,191.59,-4.18,-0.86
2026-01-28T07:30:00.000,7.02,185.51,-6.99,-0.67
2026-01-28T07:40:00.000,7.48,190.95,-7.35,-1.42
2026-01-28T07:50:00.000,3.94,186.94,-3.91,-0.48
2026-01-28T08:00:00.000,2.12,221.74,-1.58,-1.41
2026-01-28T08:10:00.000,2.01,208.35,-1.77,-0.96
2026-01-28T08:20:00.000,3.19,210.37,-2.76,-1.61
2026-01-28T08:30:00.000,3.11,208.43,-2.74,-1.48
2026-01-28T08:40:00.000,7.82,205.07,-7.08,-3.31
2026-01-28T08:50:00.000,3.7,174.25,-3.69,0.37
2026-01-28T09:00:00.000,10.91,190.19,-10.74,-1.93
2026-01-28T09:10:00.000,5.84,181.52,-5.84,-0.16
2026-01-28T09:20:00.000,2.87,204.52,-2.61,-1.19
2026-01-28T09:30:00.000,7.54,212.69,-6.35,-4.07
2026-01-28T09:40:00.000,4.93,222.05,-3.66,-3.3
2026-01-28T09:50:00.000,3.67,224.38,-2.62,-2.57
2026-01-28T10:00:00.000,3.53,263.47,-0.4,-3.51
2026-01-28T10:10:00.000,0.67,221.6,-0.5,-0.45
2026-01-28T10:20:00.000,1.75,149.5,-1.5,0.89
2026-01-28T10:30:00.000,1.65,181.64,-1.65,-0.05
2026-01-28T10:40:00.000,7.59,212.12,-6.43,-4.04
2026-01-28T10:50:00.000,6.49,224.64,-4.61,-4.56
2026-01-28T11:00:00.000,3.46,219.17,-2.68,-2.18
2026-01-28T11:10:00.000,7.15,193.25,-6.96,-1.64
2026-01-28T11:20:00.000,7.64,207.5,-6.78,-3.53
2026-01-28T11:30:00.000,3.18,226.25,-2.2,-2.3
2026-01-28T11:40:00.000,4.42,199.51,-4.17,-1.48
2026-01-28T11:50:00.000,5.23,190.79,-5.14,-0.98
2026-01-28T12:00:00.000,5.21,213.16,-4.36,-2.85
2026-01-28T12:10:00.000,7.64,202.53,-7.06,-2.93
2026-01-28T12:20:00.000,5.72,193.29,-5.57,-1.31
2026-01-28T12:30:00.000,6.06,180.44,-6.06,-0.05
2026-01-28T12:40:00.000,8.53,177.77,-8.52,0.33
2026-01-28T12:50:00.000,8.27,184.53,-8.24,-0.65
2026-01-28T13:00:00.000,8.13,191.17,-7.97,-1.58
2026-01-28T13:10:00.000,7.35,180.64,-7.35,-0.08
2026-01-28T13:20:00.000,11.99,193.67,-11.65,-2.83
2026-01-28T13:30:00.000,8.49,202.5,-7.84,-3.25
2026-01-28T13:40:00.000,10.04,211.2,-8.59,-5.2
2026-01-28T13:50:00.000,9.97,198.77,-9.44,-3.21
2026-01-28T14:00:00.000,3.58,195.28,-3.46,-0.94
2026-01-28T14:10:00.000,7.18,213.51,-5.99,-3.97
2026-01-28T14:20:00.000,7.39,239.13,-3.79,-6.34
2026-01-28T14:30:00.000,6.07,200.26,-5.69,-2.1
2026-01-28T14:40:00.000,4.83,206.54,-4.32,-2.16
2026-01-28T14:50:00.000,6.59,208.03,-5.82,-3.1
2026-01-28T15:00:00.000,11.16,200.48,-10.46,-3.9
2026-01-28T15:10:00.000,9.92,194.7,-9.6,-2.52
2026-01-28T15:20:00.000,9.26,201.73,-8.6,-3.43
2026-01-28T15:30:00.000,10.96,235.74,-6.17,-9.06
2026-01-28T15:40:00.000,14.06,218.27,-11.04,-8.71
2026-01-28T15:50:00.000,11.38,229.85,-7.34,-8.7
2026-01-28T16:00:00.000,6.9,202.97,-6.36,-2.69
2026-01-28T16:10:00.000,10.83,212.84,-9.1,-5.87
2026-01-28T16:20:00.000,3.92,194.67,-3.79,-0.99
2026-01-28T16:30:00.000,11.04,218.18,-8.68,-6.82
2026-01-28T16:40:00.000,5.35,206.13,-4.8,-2.36
2026-01-28T16:50:00.000,14.8,225.76,-10.32,-10.6
2026-01-28T17:00:00.000,10.2,248.14,-3.8,-9.47
2026-01-28T17:10:00.000,11.76,237.64,-6.3,-9.94
2026-01-28T17:20:00.000,12.18,239.94,-6.1,-10.54
2026-01-28T17:30:00.000,16.39,234.63,-9.49,-13.36
2026-01-28T17:40:00.000,12.53,221.28,-9.42,-8.27
2026-01-28T17:50:00.000,13.46,235.2,-7.68,-11.05
2026-01-28T18:00:00.000,9.47,258.04,-1.96,-9.26
2026-01-28T18:10:00.000,9.79,234.65,-5.66,-7.98
2026-01-28T18:20:00.000,9.5,255.78,-2.33,-9.21
2026-01-28T18:30:00.000,12.08,240.57,-5.94,-10.52
2026-01-28T18:40:00.000,10.21,247.79,-3.86,-9.45
2026-01-28T18:50:00.000,10.83,238.11,-5.72,-9.2
2026-01-28T19:00:00.000,8,266.6,-0.47,-7.98
2026-01-28T19:10:00.000,8.02,258.9,-1.54,-7.87
2026-01-28T19:20:00.000,8.24,247.63,-3.14,-7.62
2026-01-28T19:30:00.000,8.98,243.92,-3.95,-8.07
2026-01-28T19:40:00.000,12.27,235.72,-6.91,-10.14
2026-01-28T19:50:00.000,8.51,238.83,-4.4,-7.28
2026-01-28T20:00:00.000,5.38,286.97,1.57,-5.15
2026-01-28T20:10:00.000,4.43,281.55,0.89,-4.34
2026-01-28T20:20:00.000,0.34,193.79,-0.33,-0.08
2026-01-28T20:30:00.000,1.59,163.18,-1.52,0.46
2026-01-28T20:40:00.000,3.09,241.62,-1.47,-2.72
2026-01-28T20:50:00.000,3.65,242.3,-1.69,-3.23
2026-01-28T21:00:00.000,3.93,228.83,-2.59,-2.96
2026-01-28T21:10:00.000,5.44,243.51,-2.43,-4.87
2026-01-28T21:20:00.000,2.67,222.84,-1.96,-1.82
2026-01-28T21:30:00.000,2.97,220.11,-2.27,-1.91
2026-01-28T21:40:00.000,2.08,211.37,-1.78,-1.09
2026-01-28T21:50:00.000,2.88,218.52,-2.26,-1.8
2026-01-28T22:00:00.000,1.26,138.11,-0.94,0.84
2026-01-28T22:10:00.000,1.99,204.34,-1.82,-0.82
2026-01-28T22:20:00.000,1.86,229.76,-1.2,-1.42
2026-01-28T22:30:00.000,3.28,240.48,-1.61,-2.85
2026-01-28T22:40:00.000,2.3,174.48,-2.29,0.22
2026-01-28T22:50:00.000,5.41,149.21,-4.65,2.77
2026-01-28T23:00:00.000,9.08,153.42,-8.12,4.06
2026-01-28T23:10:00.000,7.07,145.36,-5.82,4.02
2026-01-28T23:20:00.000,12.3,153.04,-10.96,5.58
2026-01-28T23:30:00.000,5.67,165.13,-5.48,1.45
2026-01-28T23:40:00.000,3.35,140.9,-2.6,2.12
2026-01-28T23:50:00.000,6.39,127.24,-3.87,5.09
2026-01-29T00:00:00.000,18.03,118.77,-8.68,15.81
2026-01-29T00:10:00.000,20.15,117.91,-9.43,17.81
2026-01-29T00:20:00.000,14.23,117.68,-6.61,12.6
2026-01-29T00:30:00.000,15.37,121.88,-8.11,13.05
2026-01-29T00:40:00.000,14.83,120.26,-7.47,12.81
2026-01-29T00:50:00.000,20.43,125.88,-11.98,16.56
2026-01-29T01:00:00.000,20.15,114.52,-8.36,18.33
2026-01-29T01:10:00.000,21.5,112.77,-8.32,19.82
2026-01-29T01:20:00.000,16.85,117.84,-7.87,14.9
2026-01-29T01:30:00.000,23.78,102.18,-5.02,23.25
2026-01-29T01:40:00.000,15.43,106,-4.25,14.84
2026-01-29T01:50:00.000,12.2,107.71,-3.71,11.63
2026-01-29T02:00:00.000,21.78,114.64,-9.08,19.79
2026-01-29T02:10:00.000,18.08,105.5,-4.83,17.42
2026-01-29T02:20:00.000,18.93,127.5,-11.52,15.02
2026-01-29T02:30:00.000,14.09,134.77,-9.92,10
2026-01-29T02:40:00.000,14.86,109.09,-4.86,14.04
2026-01-29T02:50:00.000,15.88,104.98,-4.1,15.34
2026-01-29T03:00:00.000,18.29,124.88,-10.46,15
2026-01-29T03:10:00.000,24.56,112.95,-9.57,22.61
2026-01-29T03:20:00.000,19.09,105.19,-5,18.43
2026-01-29T03:30:00.000,13.39,111.16,-4.83,12.49
2026-01-29T03:40:00.000,10.31,112.76,-3.99,9.5
2026-01-29T03:50:00.000,10.91,114.93,-4.6,9.9
2026-01-29T04:00:00.000,6.46,128.33,-4,5.07
2026-01-29T04:10:00.000,7.74,175.49,-7.72,0.61
2026-01-29T04:20:00.000,6.81,194.61,-6.59,-1.72
2026-01-29T04:30:00.000,13.14,183.73,-13.11,-0.85
2026-01-29T04:40:00.000,6.63,179.77,-6.63,0.03
2026-01-29T04:50:00.000,8.93,193.25,-8.69,-2.05
2026-01-29T05:00:00.000,9.49,200.46,-8.89,-3.32
2026-01-29T05:10:00.000,12.96,204.71,-11.78,-5.42
2026-01-29T05:20:00.000,7.23,182.95,-7.22,-0.37
2026-01-29T05:30:00.000,6.95,182.02,-6.95,-0.25
2026-01-29T05:40:00.000,17.06,199.65,-16.06,-5.74
2026-01-29T05:50:00.000,17.57,183.04,-17.55,-0.93
2026-01-29T06:00:00.000,10.74,200.57,-10.06,-3.78
2026-01-29T06:10:00.000,7.41,186.33,-7.36,-0.82
2026-01-29T06:20:00.000,32.11,199.14,-30.33,-10.53
2026-01-29T06:30:00.000,13.42,200.86,-12.54,-4.78
2026-01-29T06:40:00.000,13.41,193.23,-13.05,-3.07
2026-01-29T06:50:00.000,15.48,233.13,-9.29,-12.38
2026-01-29T07:00:00.000,23.43,219.3,-18.13,-14.84
2026-01-29T07:10:00.000,13.79,241.42,-6.59,-12.11
2026-01-29T07:20:00.000,10.01,231.56,-6.22,-7.84
2026-01-29T07:30:00.000,14.38,233.53,-8.55,-11.57
2026-01-29T07:40:00.000,11.66,231.6,-7.24,-9.14
2026-01-29T07:50:00.000,11.69,243.97,-5.13,-10.51
2026-01-29T08:00:00.000,12.09,239.68,-6.1,-10.44
2026-01-29T08:10:00.000,10.76,245.28,-4.5,-9.77
2026-01-29T08:20:00.000,8.7,260.07,-1.5,-8.57
2026-01-29T08:30:00.000,10.81,237.09,-5.87,-9.07
2026-01-29T08:40:00.000,9.87,247.79,-3.73,-9.13
2026-01-29T08:50:00.000,9.55,222.95,-6.99,-6.51
2026-01-29T09:00:00.000,9.64,233.29,-5.77,-7.73
2026-01-29T09:10:00.000,8.4,227.9,-5.63,-6.23
2026-01-29T09:20:00.000,6.41,203.73,-5.87,-2.58
2026-01-29T09:30:00.000,5.74,226.88,-3.92,-4.19
2026-01-29T09:40:00.000,4.35,211.32,-3.71,-2.26
2026-01-29T09:50:00.000,5.47,230.72,-3.46,-4.23
2026-01-29T10:00:00.000,4.41,244.96,-1.87,-4
2026-01-29T10:10:00.000,8.14,230.18,-5.21,-6.25
2026-01-29T10:20:00.000,8.4,231.16,-5.27,-6.55
2026-01-29T10:30:00.000,7.59,244.42,-3.28,-6.84
2026-01-29T10:40:00.000,7.87,242,-3.69,-6.95
2026-01-29T10:50:00.000,6.25,254.57,-1.66,-6.03
2026-01-29T11:00:00.000,6.52,244.04,-2.85,-5.86
2026-01-29T11:10:00.000,6.01,241.36,-2.88,-5.27
2026-01-29T11:20:00.000,6.71,251.78,-2.1,-6.37
2026-01-29T11:30:00.000,6.12,240.55,-3.01,-5.33
2026-01-29T11:40:00.000,5.79,235.38,-3.29,-4.76
2026-01-29T11:50:00.000,5.25,236.82,-2.87,-4.39
2026-01-29T12:00:00.000,3,245.55,-1.24,-2.73
2026-01-29T12:10:00.000,4.13,229.73,-2.67,-3.15
2026-01-29T12:20:00.000,3.17,221.86,-2.36,-2.11
2026-01-29T12:30:00.000,2.74,212.48,-2.31,-1.47
2026-01-29T12:40:00.000,2.96,209.89,-2.57,-1.48
2026-01-29T12:50:00.000,1.19,207.01,-1.06,-0.54
2026-01-29T13:00:00.000,1.95,190.49,-1.92,-0.35
2026-01-29T13:10:00.000,2.25,170.83,-2.22,0.36
2026-01-29T13:20:00.000,2.17,164.51,-2.09,0.58
2026-01-29T13:30:00.000,3.17,169.18,-3.11,0.59
2026-01-29T13:40:00.000,2.43,170.01,-2.39,0.42
2026-01-29T13:50:00.000,2.74,179.01,-2.74,0.05
2026-01-29T14:00:00.000,3.08,177.8,-3.08,0.12
2026-01-29T14:10:00.000,2.94,162.85,-2.81,0.87
2026-01-29T14:20:00.000,3.19,173.4,-3.17,0.37
2026-01-29T14:30:00.000,3.07,174.43,-3.06,0.3
2026-01-29T14:40:00.000,3.53,170.08,-3.48,0.61
2026-01-29T14:50:00.000,3.36,174.16,-3.34,0.34
2026-01-29T15:00:00.000,4.46,190.95,-4.38,-0.85
2026-01-29T15:10:00.000,5.78,190.32,-5.68,-1.04
2026-01-29T15:20:00.000,3.95,185.68,-3.93,-0.39
2026-01-29T15:30:00.000,3.76,202.88,-3.46,-1.46
2026-01-29T15:40:00.000,8.41,201.28,-7.83,-3.05
2026-01-29T15:50:00.000,11.26,216.56,-9.04,-6.71
2026-01-29T16:00:00.000,7.42,214.25,-6.13,-4.18
2026-01-29T16:10:00.000,7.43,221.86,-5.53,-4.96
2026-01-29T16:20:00.000,7.27,210.78,-6.24,-3.72
2026-01-29T16:30:00.000,13.87,215.87,-11.24,-8.13
2026-01-29T16:40:00.000,8.88,217.91,-7,-5.46
2026-01-29T16:50:00.000,13.48,216.55,-10.83,-8.03
2026-01-29T17:00:00.000,13.31,222.25,-9.85,-8.95
2026-01-29T17:10:00.000,11.91,222.51,-8.78,-8.05
2026-01-29T17:20:00.000,10.95,229.23,-7.15,-8.29
2026-01-29T17:30:00.000,10.7,221.44,-8.02,-7.08
2026-01-29T17:40:00.000,9.58,221.43,-7.18,-6.34
2026-01-29T17:50:00.000,11.33,237.56,-6.08,-9.56
2026-01-29T18:00:00.000,7.99,230.25,-5.11,-6.15
2026-01-29T18:10:00.000,15.28,219.71,-11.75,-9.76
2026-01-29T18:20:00.000,13.79,228.43,-9.15,-10.32
2026-01-29T18:30:00.000,16.08,231.33,-10.05,-12.56
2026-01-29T18:40:00.000,14.21,225.07,-10.04,-10.06
2026-01-29T18:50:00.000,13.6,232.81,-8.22,-10.84
2026-01-29T19:00:00.000,5.87,231.85,-3.63,-4.62
2026-01-29T19:10:00.000,5.58,235.51,-3.16,-4.6
2026-01-29T19:20:00.000,12.44,235.22,-7.1,-10.22
2026-01-29T19:30:00.000,11.2,226.64,-7.69,-8.14
2026-01-29T19:40:00.000,10.66,229.46,-6.93,-8.1
2026-01-29T19:50:00.000,12.03,233.09,-7.23,-9.62
2026-01-29T20:00:00.000,9.91,228.67,-6.54,-7.44
2026-01-29T20:10:00.000,8.83,226.23,-6.11,-6.38
2026-01-29T20:20:00.000,9.62,229.72,-6.22,-7.34
2026-01-29T20:30:00.000,3.45,231.7,-2.14,-2.71
2026-01-29T20:40:00.000,4.11,207.14,-3.66,-1.88
2026-01-29T20:50:00.000,6.21,225.06,-4.39,-4.4
2026-01-29T21:00:00.000,4.8,227.05,-3.27,-3.51
2026-01-29T21:10:00.000,3.44,222.6,-2.53,-2.33
2026-01-29T21:20:00.000,2.5,223.48,-1.81,-1.72
2026-01-29T21:30:00.000,2.29,180.87,-2.29,-0.03
2026-01-29T21:40:00.000,2.4,165.32,-2.33,0.61
2026-01-29T21:50:00.000,3.44,207.11,-3.07,-1.57
2026-01-29T22:00:00.000,4.28,166.74,-4.16,0.98
2026-01-29T22:10:00.000,3.63,184.33,-3.62,-0.27
2026-01-29T22:20:00.000,2.7,156.74,-2.48,1.07
2026-01-29T22:30:00.000,1.11,109.35,-0.37,1.05
2026-01-29T22:40:00.000,3.74,140.34,-2.88,2.39
2026-01-29T22:50:00.000,5.09,161.46,-4.82,1.62
2026-01-29T23:00:00.000,5.54,156.64,-5.09,2.2
2026-01-29T23:10:00.000,5.18,165.51,-5.02,1.3
2026-01-29T23:20:00.000,6.82,176.76,-6.81,0.39
2026-01-29T23:30:00.000,4.01,190.21,-3.95,-0.71
2026-01-29T23:40:00.000,2.52,251.94,-0.78,-2.4
2026-01-29T23:50:00.000,2.38,179.56,-2.38,0.02
2026-01-30T00:00:00.000,2.94,195.87,-2.83,-0.8
2026-01-30T00:10:00.000,3.69,198.87,-3.49,-1.19
2026-01-30T00:20:00.000,6.07,180.54,-6.07,-0.06
2026-01-30T00:30:00.000,4.38,160.46,-4.12,1.46
2026-01-30T00:40:00.000,3.77,156.23,-3.45,1.52
2026-01-30T00:50:00.000,4.41,171.92,-4.37,0.62
2026-01-30T01:00:00.000,4.71,135,-3.33,3.33
2026-01-30T01:10:00.000,2.06,177.66,-2.06,0.08
2026-01-30T01:20:00.000,2.77,176.7,-2.76,0.16
2026-01-30T01:30:00.000,3.43,177.66,-3.42,0.14
2026-01-30T01:40:00.000,2.94,161.95,-2.8,0.91
2026-01-30T01:50:00.000,8.24,160.72,-7.77,2.72
2026-01-30T02:00:00.000,4.62,154.71,-4.18,1.97
2026-01-30T02:10:00.000,5.66,118.8,-2.73,4.96
2026-01-30T02:20:00.000,3.17,119.13,-1.54,2.77
2026-01-30T02:30:00.000,2.29,163.43,-2.19,0.65
2026-01-30T02:40:00.000,2,180.01,-2,0
2026-01-30T02:50:00.000,1.8,125.53,-1.04,1.46
2026-01-30T03:00:00.000,2.8,100.29,-0.5,2.76
2026-01-30T03:10:00.000,7.42,90.65,-0.08,7.42
2026-01-30T03:20:00.000,5.53,93.56,-0.34,5.51
2026-01-30T03:30:00.000,4.29,109.91,-1.46,4.04
2026-01-30T03:40:00.000,5.17,119.16,-2.52,4.51
2026-01-30T03:50:00.000,14.6,120.42,-7.39,12.59
2026-01-30T04:00:00.000,13.42,127.77,-8.22,10.61
2026-01-30T04:10:00.000,12.17,129.5,-7.74,9.39
2026-01-30T04:20:00.000,8.09,129.86,-5.19,6.21
2026-01-30T04:30:00.000,9.11,116.21,-4.03,8.18
2026-01-30T04:40:00.000,8.52,117.53,-3.94,7.56
2026-01-30T04:50:00.000,9.6,122.24,-5.12,8.12
2026-01-30T05:00:00.000,8.42,117.81,-3.93,7.45
2026-01-30T05:10:00.000,6.8,128.56,-4.24,5.32
2026-01-30T05:20:00.000,8.28,128.03,-5.1,6.52
2026-01-30T05:30:00.000,7.4,130.17,-4.77,5.66
2026-01-30T05:40:00.000,7.01,140.64,-5.42,4.45
2026-01-30T05:50:00.000,11.78,131.08,-7.74,8.88
2026-01-30T06:00:00.000,9.41,134.67,-6.61,6.69
2026-01-30T06:10:00.000,13.36,133.95,-9.27,9.62
2026-01-30T06:20:00.000,10.63,142.76,-8.46,6.44
2026-01-30T06:30:00.000,9.23,149.31,-7.94,4.71
2026-01-30T06:40:00.000,6.78,134.92,-4.78,4.8
2026-01-30T06:50:00.000,8.74,145.1,-7.17,5
2026-01-30T07:00:00.000,8.09,139.75,-6.17,5.22
2026-01-30T07:10:00.000,6.6,153.78,-5.92,2.91
2026-01-30T07:20:00.000,7,155.6,-6.37,2.89
2026-01-30T07:30:00.000,7.52,154.6,-6.79,3.22
2026-01-30T07:40:00.000,8.79,167.66,-8.59,1.88
2026-01-30T07:50:00.000,12.28,197.9,-11.69,-3.77
2026-01-30T08:00:00.000,11.6,215.26,-9.47,-6.7
2026-01-30T08:10:00.000,10.05,222.49,-7.41,-6.79
2026-01-30T08:20:00.000,11.39,202.82,-10.5,-4.42
2026-01-30T08:30:00.000,10.45,206.05,-9.39,-4.59
2026-01-30T08:40:00.000,9.36,205.78,-8.43,-4.07
2026-01-30T08:50:00.000,12.53,203.2,-11.52,-4.94
2026-01-30T09:00:00.000,7.92,216.03,-6.4,-4.66
2026-01-30T09:10:00.000,9.08,198.42,-8.61,-2.87
2026-01-30T09:20:00.000,9.19,210.7,-7.9,-4.69
2026-01-30T09:30:00.000,14.77,223.7,-10.68,-10.21
2026-01-30T09:40:00.000,10.82,181.46,-10.82,-0.28
2026-01-30T09:50:00.000,13.22,191.32,-12.97,-2.59
2026-01-30T10:00:00.000,9.32,187.39,-9.25,-1.2
2026-01-30T10:10:00.000,15.16,189.94,-14.93,-2.62
2026-01-30T10:20:00.000,15.06,185.21,-15,-1.37
2026-01-30T10:30:00.000,12.66,184.46,-12.62,-0.99
2026-01-30T10:40:00.000,13,182.8,-12.99,-0.64
2026-01-30T10:50:00.000,11.11,185.84,-11.06,-1.13
2026-01-30T11:00:00.000,8.74,176.98,-8.73,0.46
2026-01-30T11:10:00.000,13.92,172.56,-13.8,1.8
2026-01-30T11:20:00.000,13.9,179.43,-13.9,0.14
2026-01-30T11:30:00.000,13.36,184.82,-13.31,-1.12
2026-01-30T11:40:00.000,12.46,176.05,-12.43,0.86
2026-01-30T11:50:00.000,10.55,165.98,-10.24,2.56
2026-01-30T12:00:00.000,10.97,166.92,-10.68,2.48
2026-01-30T12:10:00.000,11.07,175.22,-11.03,0.92
2026-01-30T12:20:00.000,10.29,165.9,-9.98,2.51
2026-01-30T12:30:00.000,9.45,169.52,-9.29,1.72
2026-01-30T12:40:00.000,11.66,163.24,-11.16,3.36
2026-01-30T12:50:00.000,8.99,158.17,-8.35,3.34
2026-01-30T13:00:00.000,9.31,163.79,-8.94,2.6
2026-01-30T13:10:00.000,9.1,160.3,-8.57,3.07
2026-01-30T13:20:00.000,9.04,162.5,-8.62,2.72
2026-01-30T13:30:00.000,8.04,167.71,-7.86,1.71
2026-01-30T13:40:00.000,6.98,167.05,-6.8,1.56
2026-01-30T13:50:00.000,5.85,160.3,-5.51,1.97
2026-01-30T14:00:00.000,5.12,160.97,-4.84,1.67
2026-01-30T14:10:00.000,5.65,160.55,-5.32,1.88
2026-01-30T14:20:00.000,6.4,147.11,-5.38,3.48
2026-01-30T14:30:00.000,3.95,140.32,-3.04,2.52
2026-01-30T14:40:00.000,5.24,137.57,-3.87,3.53
2026-01-30T14:50:00.000,6.47,140.91,-5.02,4.08
2026-01-30T15:00:00.000,5.65,136.56,-4.1,3.88
2026-01-30T15:10:00.000,4.97,129.63,-3.17,3.83
2026-01-30T15:20:00.000,4.63,129.66,-2.96,3.57
2026-01-30T15:30:00.000,2.84,127.36,-1.72,2.25
2026-01-30T15:40:00.000,3.92,115.05,-1.66,3.55
2026-01-30T15:50:00.000,3.9,108.38,-1.23,3.7
2026-01-30T16:00:00.000,3.48,111.3,-1.26,3.24
2026-01-30T16:10:00.000,2.59,109.38,-0.86,2.45
2026-01-30T16:20:00.000,1.89,88.29,0.06,1.89
2026-01-30T16:30:00.000,2.27,83.72,0.25,2.26
2026-01-30T16:40:00.000,2.2,61.75,1.04,1.94
2026-01-30T16:50:00.000,3.12,60.68,1.53,2.72
2026-01-30T17:00:00.000,2.43,47.09,1.66,1.78
2026-01-30T17:10:00.000,3.08,37.76,2.43,1.88
2026-01-30T17:20:00.000,3.19,35.11,2.61,1.83
2026-01-30T17:30:00.000,3.73,48.73,2.46,2.8
2026-01-30T17:40:00.000,3.85,35.32,3.14,2.22
2026-01-30T17:50:00.000,4.32,39.06,3.35,2.72
2026-01-30T18:00:00.000,4.77,48.72,3.14,3.58
2026-01-30T18:10:00.000,4.35,40.87,3.29,2.85
2026-01-30T18:20:00.000,3.93,53.85,2.32,3.17
2026-01-30T18:30:00.000,5.56,59.25,2.84,4.78
2026-01-30T18:40:00.000,3.6,57.47,1.94,3.04
2026-01-30T18:50:00.000,5.75,51.64,3.57,4.51
2026-01-30T19:00:00.000,3.91,72.41,1.18,3.73
2026-01-30T19:10:00.000,2.25,108.24,-0.7,2.13
2026-01-30T19:20:00.000,0.39,117.64,-0.18,0.34
2026-01-30T19:30:00.000,1.35,199.08,-1.28,-0.44
2026-01-30T19:40:00.000,1.9,206.44,-1.7,-0.84
2026-01-30T19:50:00.000,0.65,292.69,0.25,-0.6
2026-01-30T20:00:00.000,0.92,193.64,-0.9,-0.22
2026-01-30T20:10:00.000,4.57,192.08,-4.47,-0.96
2026-01-30T20:20:00.000,3.91,181.22,-3.91,-0.08
2026-01-30T20:30:00.000,4.83,172.62,-4.79,0.62
2026-01-30T20:40:00.000,3.79,173.26,-3.76,0.45
2026-01-30T20:50:00.000,2.55,189.41,-2.52,-0.42
2026-01-30T21:00:00.000,1.8,187.52,-1.78,-0.24
2026-01-30T21:10:00.000,5.69,194.53,-5.51,-1.43
2026-01-30T21:20:00.000,3.38,218.21,-2.65,-2.09
2026-01-30T21:30:00.000,4.74,240.96,-2.3,-4.14
2026-01-30T21:40:00.000,9.97,244.41,-4.31,-8.99
2026-01-30T21:50:00.000,5.1,251.53,-1.62,-4.84
2026-01-30T22:00:00.000,4.95,236.88,-2.7,-4.14
2026-01-30T22:10:00.000,6.78,235.96,-3.8,-5.62
2026-01-30T22:20:00.000,6.01,189.64,-5.93,-1.01
2026-01-30T22:30:00.000,4.91,202.05,-4.55,-1.84
2026-01-30T22:40:00.000,4.17,179.44,-4.17,0.04
2026-01-30T22:50:00.000,3.91,168.8,-3.83,0.76
2026-01-30T23:00:00.000,5.56,199.3,-5.25,-1.84
2026-01-30T23:10:00.000,7.96,213.04,-6.67,-4.34
2026-01-30T23:20:00.000,6.6,223.69,-4.77,-4.56
2026-01-30T23:30:00.000,4.76,246.11,-1.93,-4.35
2026-01-30T23:40:00.000,4.19,243.66,-1.86,-3.76
2026-01-30T23:50:00.000,6.04,262.14,-0.83,-5.99
2026-01-31T00:00:00.000,5.66,271.47,0.15,-5.66
2026-01-31T00:10:00.000,5.3,276.36,0.59,-5.27
2026-01-31T00:20:00.000,10.87,246.51,-4.33,-9.97
2026-01-31T00:30:00.000,8.27,232.04,-5.09,-6.52
2026-01-31T00:40:00.000,5.74,216.89,-4.59,-3.44
2026-01-31T00:50:00.000,6.27,208.64,-5.5,-3
2026-01-31T01:00:00.000,1.88,48.02,1.26,1.4
2026-01-31T01:10:00.000,2.22,195.65,-2.14,-0.6
2026-01-31T01:20:00.000,3.19,183.7,-3.19,-0.21
2026-01-31T01:30:00.000,4.53,166.14,-4.4,1.08
2026-01-31T01:40:00.000,3.48,176.34,-3.48,0.22
2026-01-31T01:50:00.000,3.89,172.52,-3.86,0.51
2026-01-31T02:00:00.000,2.07,155.45,-1.88,0.86
2026-01-31T02:10:00.000,1.61,135.41,-1.15,1.13
2026-01-31T02:20:00.000,1.08,120.53,-0.55,0.93
2026-01-31T02:30:00.000,2.46,145.97,-2.04,1.38
2026-01-31T02:40:00.000,1.42,137.64,-1.05,0.95
2026-01-31T02:50:00.000,2.56,108.52,-0.81,2.42
2026-01-31T03:00:00.000,3.35,111.68,-1.24,3.11
2026-01-31T03:10:00.000,3.75,122.64,-2.02,3.16
2026-01-31T03:20:00.000,5.23,121.71,-2.75,4.45
2026-01-31T03:30:00.000,3.17,142.56,-2.51,1.93
2026-01-31T03:40:00.000,3.12,111.6,-1.15,2.9
2026-01-31T03:50:00.000,5.02,87.76,0.2,5.02
2026-01-31T04:00:00.000,5.32,87.67,0.22,5.31
2026-01-31T04:10:00.000,5.14,70.35,1.73,4.84
2026-01-31T04:20:00.000,10.84,70.12,3.68,10.19
2026-01-31T04:30:00.000,7.86,57.83,4.19,6.66
2026-01-31T04:40:00.000,9.28,67.23,3.59,8.55
2026-01-31T04:50:00.000,9.63,64.94,4.08,8.72
2026-01-31T05:00:00.000,8.54,55.56,4.83,7.04
2026-01-31T05:10:00.000,9.06,78.44,1.82,8.88
2026-01-31T05:20:00.000,9.62,72.37,2.92,9.17
2026-01-31T05:30:00.000,9.98,77.51,2.16,9.74
2026-01-31T05:40:00.000,10.53,69.85,3.63,9.89
2026-01-31T05:50:00.000,8.82,59.21,4.51,7.58
2026-01-31T06:00:00.000,10.32,76.7,2.37,10.04
2026-01-31T06:10:00.000,9.62,85.76,0.71,9.59
2026-01-31T06:20:00.000,9.81,91.51,-0.26,9.81
2026-01-31T06:30:00.000,8.31,68.07,3.1,7.71
2026-01-31T06:40:00.000,6.35,65.45,2.64,5.77
2026-01-31T06:50:00.000,6.2,102.87,-1.38,6.04
2026-01-31T07:00:00.000,6.8,108.98,-2.21,6.43
2026-01-31T07:10:00.000,4.94,122.27,-2.64,4.17
2026-01-31T07:20:00.000,7.84,120.55,-3.99,6.75
2026-01-31T07:30:00.000,6.93,128.23,-4.29,5.44
2026-01-31T07:40:00.000,5.53,129.35,-3.5,4.27
2026-01-31T07:50:00.000,5.06,133.13,-3.46,3.7
2026-01-31T08:00:00.000,4.6,143.71,-3.71,2.72
2026-01-31T08:10:00.000,4.97,148.16,-4.22,2.62
2026-01-31T08:20:00.000,5,166.09,-4.86,1.2
2026-01-31T08:30:00.000,10.99,147.62,-9.28,5.88
2026-01-31T08:40:00.000,9.35,170.87,-9.23,1.48
2026-01-31T08:50:00.000,9.43,159.87,-8.85,3.24
2026-01-31T09:00:00.000,13.25,166.6,-12.89,3.07
2026-01-31T09:10:00.000,12.1,175.21,-12.06,1.01
2026-01-31T09:20:00.000,16.77,174.61,-16.69,1.58
2026-01-31T09:30:00.000,14.67,171.56,-14.51,2.15
2026-01-31T09:40:00.000,13.44,177.57,-13.43,0.57
2026-01-31T09:50:00.000,16.93,179.62,-16.92,0.11
2026-01-31T10:00:00.000,15.13,184.91,-15.08,-1.29
2026-01-31T10:10:00.000,7.72,182.88,-7.71,-0.39
2026-01-31T10:20:00.000,16.5,186.12,-16.4,-1.76
2026-01-31T10:30:00.000,13.47,189.86,-13.27,-2.31
2026-01-31T10:40:00.000,11.43,190.56,-11.23,-2.09
2026-01-31T10:50:00.000,14.36,191.07,-14.09,-2.76
2026-01-31T11:00:00.000,14,183.39,-13.98,-0.83
2026-01-31T11:10:00.000,14.69,181.07,-14.69,-0.27
2026-01-31T11:20:00.000,13.54,177.59,-13.53,0.57
2026-01-31T11:30:00.000,8.68,177.34,-8.67,0.4
2026-01-31T11:40:00.000,7.94,171.6,-7.85,1.16
2026-01-31T11:50:00.000,10.26,178.81,-10.26,0.21
2026-01-31T12:00:00.000,11.8,169.08,-11.58,2.24
2026-01-31T12:10:00.000,10.32,166.75,-10.04,2.36
2026-01-31T12:20:00.000,8.64,191.97,-8.45,-1.79
2026-01-31T12:30:00.000,7.29,151.77,-6.42,3.45
2026-01-31T12:40:00.000,6.49,155.01,-5.88,2.74
2026-01-31T12:50:00.000,6.31,167.64,-6.17,1.35
2026-01-31T13:00:00.000,6.94,163.53,-6.66,1.97
2026-01-31T13:10:00.000,6.14,156.32,-5.63,2.47
2026-01-31T13:20:00.000,5.49,167.38,-5.36,1.2
2026-01-31T13:30:00.000,3.07,164.1,-2.95,0.84
2026-01-31T13:40:00.000,3.58,147.05,-3.01,1.95
2026-01-31T13:50:00.000,3.99,156.98,-3.67,1.56
2026-01-31T14:00:00.000,3.04,146.04,-2.52,1.7
2026-01-31T14:10:00.000,2.2,116.2,-0.97,1.97
2026-01-31T14:20:00.000,1.7,128.69,-1.06,1.33
2026-01-31T14:30:00.000,2.05,110.26,-0.71,1.92
2026-01-31T14:40:00.000,2.03,90.14,0,2.03
2026-01-31T14:50:00.000,2.19,72.61,0.65,2.09
2026-01-31T15:00:00.000,2.27,68.05,0.85,2.11
2026-01-31T15:10:00.000,2.93,68.89,1.06,2.73
2026-01-31T15:20:00.000,3.18,79.04,0.6,3.12
2026-01-31T15:30:00.000,2.33,62.52,1.07,2.07
2026-01-31T15:40:00.000,2.32,50.42,1.48,1.79
2026-01-31T15:50:00.000,1.07,40.01,0.82,0.69
2026-01-31T16:00:00.000,0.87,37.59,0.69,0.53
2026-01-31T16:10:00.000,0.43,51.59,0.27,0.34
2026-01-31T16:20:00.000,0.47,55.18,0.27,0.39
2026-01-31T16:30:00.000,0.46,45.35,0.33,0.33
2026-01-31T16:40:00.000,1.19,326.51,0.99,-0.66
2026-01-31T16:50:00.000,0.8,351.8,0.79,-0.11
2026-01-31T17:00:00.000,0.72,355.86,0.72,-0.05
2026-01-31T17:10:00.000,0.48,344.82,0.47,-0.13
2026-01-31T17:20:00.000,0.42,325.77,0.35,-0.24
2026-01-31T17:30:00.000,1.83,250.28,-0.62,-1.72
2026-01-31T17:40:00.000,1.38,224.89,-0.98,-0.98
2026-01-31T17:50:00.000,1.44,248.67,-0.52,-1.34
2026-01-31T18:00:00.000,1.89,249.25,-0.67,-1.77
2026-01-31T18:10:00.000,2.08,246.45,-0.83,-1.91
2026-01-31T18:20:00.000,2.23,246.66,-0.88,-2.05
2026-01-31T18:30:00.000,2.3,236.93,-1.25,-1.92
2026-01-31T18:40:00.000,2.52,221.55,-1.89,-1.67
2026-01-31T18:50:00.000,3.57,235.65,-2.01,-2.94
2026-01-31T19:00:00.000,4.69,234.44,-2.73,-3.82
2026-01-31T19:10:00.000,4.47,231.19,-2.8,-3.48
2026-01-31T19:20:00.000,4.86,231.24,-3.04,-3.79
2026-01-31T19:30:00.000,4.74,239.24,-2.43,-4.08
2026-01-31T19:40:00.000,5.37,237.31,-2.9,-4.52
2026-01-31T19:50:00.000,5.9,234.4,-3.43,-4.8
2026-01-31T20:00:00.000,4.61,231.85,-2.85,-3.63
2026-01-31T20:10:00.000,6.29,235.91,-3.53,-5.21
2026-01-31T20:20:00.000,9.49,236.62,-5.22,-7.93
2026-01-31T20:30:00.000,8.87,233.17,-5.32,-7.1
2026-01-31T20:40:00.000,7.78,234.36,-4.54,-6.33
2026-01-31T20:50:00.000,8.12,236.4,-4.49,-6.76
2026-01-31T21:00:00.000,9.85,233.58,-5.85,-7.93
2026-01-31T21:10:00.000,6.64,232.29,-4.06,-5.26
2026-01-31T21:20:00.000,8.63,218.58,-6.74,-5.38
2026-01-31T21:30:00.000,7.1,206.93,-6.33,-3.22
2026-01-31T21:40:00.000,6.9,208.27,-6.07,-3.27
2026-01-31T21:50:00.000,8.92,213.74,-7.42,-4.95
2026-01-31T22:00:00.000,8.75,214.08,-7.25,-4.91
2026-01-31T22:10:00.000,8.43,214.97,-6.91,-4.83
2026-01-31T22:20:00.000,5.8,199.52,-5.47,-1.94
2026-01-31T22:30:00.000,5.06,215.47,-4.12,-2.94
2026-01-31T22:40:00.000,8.85,209.71,-7.69,-4.39
2026-01-31T22:50:00.000,7.17,221.63,-5.36,-4.76
2026-01-31T23:00:00.000,8.02,222.88,-5.88,-5.46
2026-01-31T23:10:00.000,5.26,221.8,-3.92,-3.51
2026-01-31T23:20:00.000,4.05,198.77,-3.83,-1.3
2026-01-31T23:30:00.000,5.32,164.73,-5.14,1.4
2026-01-31T23:40:00.000,6.36,183.29,-6.35,-0.37
2026-01-31T23:50:00.000,2.63,177.56,-2.63,0.11
2026-02-01T00:00:00.000,4.1,158.26,-3.81,1.52
2026-02-01T00:10:00.000,3.23,134.66,-2.27,2.3
2026-02-01T00:20:00.000,5.39,171.99,-5.34,0.75
2026-02-01T00:30:00.000,3.96,180.08,-3.96,-0.01
2026-02-01T00:40:00.000,3.62,146.33,-3.01,2.01
2026-02-01T00:50:00.000,1.39,154.13,-1.25,0.61
2026-02-01T01:00:00.000,0.35,123.96,-0.19,0.29
2026-02-01T01:10:00.000,0.51,53.85,0.3,0.41
2026-02-01T01:20:00.000,2.63,216.28,-2.12,-1.56
2026-02-01T01:30:00.000,0.56,161.29,-0.53,0.18
2026-02-01T01:40:00.000,0.25,53.04,0.15,0.2
2026-02-01T01:50:00.000,1.83,180.95,-1.83,-0.03
2026-02-01T02:00:00.000,3.13,103.6,-0.74,3.05
2026-02-01T02:10:00.000,0.79,94.49,-0.06,0.79
2026-02-01T02:20:00.000,1.61,126.34,-0.95,1.29
2026-02-01T02:30:00.000,3.69,128.48,-2.3,2.89
2026-02-01T02:40:00.000,4.11,151.58,-3.61,1.96
2026-02-01T02:50:00.000,4.76,138.94,-3.59,3.13
2026-02-01T03:00:00.000,3.32,120.56,-1.69,2.86
2026-02-01T03:10:00.000,4.37,134.45,-3.06,3.12
2026-02-01T03:20:00.000,7.53,129.07,-4.75,5.85
2026-02-01T03:30:00.000,9.19,130.54,-5.97,6.98
2026-02-01T03:40:00.000,6.74,126.28,-3.99,5.43
2026-02-01T03:50:00.000,8.94,124.01,-5,7.41
2026-02-01T04:00:00.000,5.73,129.03,-3.61,4.45
2026-02-01T04:10:00.000,5.73,125.15,-3.3,4.69
2026-02-01T04:20:00.000,6.11,115.44,-2.62,5.52
2026-02-01T04:30:00.000,8.67,131.39,-5.73,6.5
2026-02-01T04:40:00.000,6.42,116.21,-2.83,5.76
2026-02-01T04:50:00.000,7.2,116.43,-3.21,6.45
2026-02-01T05:00:00.000,11.34,142.25,-8.96,6.94
2026-02-01T05:10:00.000,8.72,137.57,-6.43,5.88
2026-02-01T05:20:00.000,8.65,147.89,-7.32,4.6
2026-02-01T05:30:00.000,9.53,142.3,-7.54,5.83
2026-02-01T05:40:00.000,10.87,148.71,-9.29,5.65
2026-02-01T05:50:00.000,9.05,146.52,-7.54,4.99
2026-02-01T06:00:00.000,8.33,155.43,-7.57,3.46
2026-02-01T06:10:00.000,10.37,151.98,-9.15,4.87
2026-02-01T06:20:00.000,11.55,161.11,-10.93,3.74
2026-02-01T06:30:00.000,9.54,153.14,-8.51,4.31
2026-02-01T06:40:00.000,9.44,133.32,-6.48,6.87
2026-02-01T06:50:00.000,8.15,134.32,-5.69,5.83
2026-02-01T07:00:00.000,6.45,159.69,-6.05,2.24
2026-02-01T07:10:00.000,7.04,159.58,-6.6,2.46
2026-02-01T07:20:00.000,7.51,154.17,-6.76,3.27
2026-02-01T07:30:00.000,11.35,158.22,-10.54,4.21
2026-02-01T07:40:00.000,11.29,146.97,-9.46,6.15
2026-02-01T07:50:00.000,6.93,175.54,-6.91,0.54
2026-02-01T08:00:00.000,4.4,154,-3.95,1.93
2026-02-01T08:10:00.000,12.04,206.73,-10.75,-5.42
2026-02-01T08:20:00.000,5.35,193.45,-5.2,-1.24
2026-02-01T08:30:00.000,8.17,187,-8.11,-0.99
2026-02-01T08:40:00.000,13.32,191.72,-13.04,-2.71
2026-02-01T08:50:00.000,11.21,197.43,-10.7,-3.36
2026-02-01T09:00:00.000,9.54,193.31,-9.28,-2.2
2026-02-01T09:10:00.000,15.71,187.84,-15.56,-2.14
2026-02-01T09:20:00.000,8,200.25,-7.5,-2.77
2026-02-01T09:30:00.000,11.52,188.11,-11.4,-1.63
2026-02-01T09:40:00.000,8.5,198.26,-8.08,-2.66
